,raw_hz,peak_id,line_width,integral,file_path
0,33279.0,1.0,0.0,518551.0,0808G1-0p15M-AlOH3-3M-NaOH-D2O/23Na-1st-2740Hz-25C-32ct.ft
1,33361.0,2.0,9.391161016315266,3359571456.0,0808G1-0p15M-AlOH3-3M-NaOH-D2O/23Na-1st-2740Hz-25C-32ct.ft
2,33482.0,3.0,2.0,1584970.5,0808G1-0p15M-AlOH3-3M-NaOH-D2O/23Na-1st-2740Hz-25C-32ct.ft
3,33485.0,4.0,0.0,515050.0,0808G1-0p15M-AlOH3-3M-NaOH-D2O/23Na-1st-2740Hz-25C-32ct.ft
4,33489.0,5.0,1.0,1037729.0,0808G1-0p15M-AlOH3-3M-NaOH-D2O/23Na-1st-2740Hz-25C-32ct.ft
5,33279.0,1.0,0.0,518551.0,0808G1-0p15M-AlOH3-3M-NaOH-D2O/23Na-1st-2740Hz-25C-32ctF.ft
6,33361.0,2.0,9.391161016315266,3359571456.0,0808G1-0p15M-AlOH3-3M-NaOH-D2O/23Na-1st-2740Hz-25C-32ctF.ft
7,33482.0,3.0,2.0,1584970.5,0808G1-0p15M-AlOH3-3M-NaOH-D2O/23Na-1st-2740Hz-25C-32ctF.ft
8,33485.0,4.0,0.0,515050.0,0808G1-0p15M-AlOH3-3M-NaOH-D2O/23Na-1st-2740Hz-25C-32ctF.ft
9,33489.0,5.0,1.0,1037729.0,0808G1-0p15M-AlOH3-3M-NaOH-D2O/23Na-1st-2740Hz-25C-32ctF.ft
10,33279.0,1.0,0.0,518551.0,0808G1-0p15M-AlOH3-3M-NaOH-D2O/23Na-5th-2660Hz-140C-32ct.ft
11,33361.0,2.0,9.391161016315266,3359571456.0,0808G1-0p15M-AlOH3-3M-NaOH-D2O/23Na-5th-2660Hz-140C-32ct.ft
12,33482.0,3.0,2.0,1584970.5,0808G1-0p15M-AlOH3-3M-NaOH-D2O/23Na-5th-2660Hz-140C-32ct.ft
13,33485.0,4.0,0.0,515050.0,0808G1-0p15M-AlOH3-3M-NaOH-D2O/23Na-5th-2660Hz-140C-32ct.ft
14,33489.0,5.0,1.0,1037729.0,0808G1-0p15M-AlOH3-3M-NaOH-D2O/23Na-5th-2660Hz-140C-32ct.ft
15,33279.0,1.0,0.0,518551.0,0808G1-0p15M-AlOH3-3M-NaOH-D2O/23Na-5th-2660Hz-140C-32ctF.ft
16,33361.0,2.0,9.391161016315266,3359571456.0,0808G1-0p15M-AlOH3-3M-NaOH-D2O/23Na-5th-2660Hz-140C-32ctF.ft
17,33482.0,3.0,2.0,1584970.5,0808G1-0p15M-AlOH3-3M-NaOH-D2O/23Na-5th-2660Hz-140C-32ctF.ft
18,33485.0,4.0,0.0,515050.0,0808G1-0p15M-AlOH3-3M-NaOH-D2O/23Na-5th-2660Hz-140C-32ctF.ft
19,33489.0,5.0,1.0,1037729.0,0808G1-0p15M-AlOH3-3M-NaOH-D2O/23Na-5th-2660Hz-140C-32ctF.ft
20,33279.0,1.0,0.0,518551.0,0808G1-0p15M-AlOH3-3M-NaOH-D2O/23Na-5th-2671Hz-130C-32ct.ft
21,33361.0,2.0,9.391161016315266,3359571456.0,0808G1-0p15M-AlOH3-3M-NaOH-D2O/23Na-5th-2671Hz-130C-32ct.ft
22,33482.0,3.0,2.0,1584970.5,0808G1-0p15M-AlOH3-3M-NaOH-D2O/23Na-5th-2671Hz-130C-32ct.ft
23,33485.0,4.0,0.0,515050.0,0808G1-0p15M-AlOH3-3M-NaOH-D2O/23Na-5th-2671Hz-130C-32ct.ft
24,33489.0,5.0,1.0,1037729.0,0808G1-0p15M-AlOH3-3M-NaOH-D2O/23Na-5th-2671Hz-130C-32ct.ft
25,33279.0,1.0,0.0,518551.0,0808G1-0p15M-AlOH3-3M-NaOH-D2O/23Na-5th-2671Hz-130C-32ctF.ft
26,33361.0,2.0,9.391161016315266,3359571456.0,0808G1-0p15M-AlOH3-3M-NaOH-D2O/23Na-5th-2671Hz-130C-32ctF.ft
27,33482.0,3.0,2.0,1584970.5,0808G1-0p15M-AlOH3-3M-NaOH-D2O/23Na-5th-2671Hz-130C-32ctF.ft
28,33485.0,4.0,0.0,515050.0,0808G1-0p15M-AlOH3-3M-NaOH-D2O/23Na-5th-2671Hz-130C-32ctF.ft
29,33489.0,5.0,1.0,1037729.0,0808G1-0p15M-AlOH3-3M-NaOH-D2O/23Na-5th-2671Hz-130C-32ctF.ft
30,33279.0,1.0,0.0,518551.0,0808G1-0p15M-AlOH3-3M-NaOH-D2O/23Na-5th-2681Hz-120C-32ct.ft
31,33361.0,2.0,9.391161016315266,3359571456.0,0808G1-0p15M-AlOH3-3M-NaOH-D2O/23Na-5th-2681Hz-120C-32ct.ft
32,33482.0,3.0,2.0,1584970.5,0808G1-0p15M-AlOH3-3M-NaOH-D2O/23Na-5th-2681Hz-120C-32ct.ft
33,33485.0,4.0,0.0,515050.0,0808G1-0p15M-AlOH3-3M-NaOH-D2O/23Na-5th-2681Hz-120C-32ct.ft
34,33489.0,5.0,1.0,1037729.0,0808G1-0p15M-AlOH3-3M-NaOH-D2O/23Na-5th-2681Hz-120C-32ct.ft
35,33279.0,1.0,0.0,518551.0,0808G1-0p15M-AlOH3-3M-NaOH-D2O/23Na-5th-2681Hz-120C-32ctF.ft
36,33361.0,2.0,9.391161016315266,3359571456.0,0808G1-0p15M-AlOH3-3M-NaOH-D2O/23Na-5th-2681Hz-120C-32ctF.ft
37,33482.0,3.0,2.0,1584970.5,0808G1-0p15M-AlOH3-3M-NaOH-D2O/23Na-5th-2681Hz-120C-32ctF.ft
38,33485.0,4.0,0.0,515050.0,0808G1-0p15M-AlOH3-3M-NaOH-D2O/23Na-5th-2681Hz-120C-32ctF.ft
39,33489.0,5.0,1.0,1037729.0,0808G1-0p15M-AlOH3-3M-NaOH-D2O/23Na-5th-2681Hz-120C-32ctF.ft
40,33279.0,1.0,0.0,518551.0,0808G1-0p15M-AlOH3-3M-NaOH-D2O/23Na-5th-2691Hz-110C-32ct.ft
41,33361.0,2.0,9.391161016315266,3359571456.0,0808G1-0p15M-AlOH3-3M-NaOH-D2O/23Na-5th-2691Hz-110C-32ct.ft
42,33482.0,3.0,2.0,1584970.5,0808G1-0p15M-AlOH3-3M-NaOH-D2O/23Na-5th-2691Hz-110C-32ct.ft
43,33485.0,4.0,0.0,515050.0,0808G1-0p15M-AlOH3-3M-NaOH-D2O/23Na-5th-2691Hz-110C-32ct.ft
44,33489.0,5.0,1.0,1037729.0,0808G1-0p15M-AlOH3-3M-NaOH-D2O/23Na-5th-2691Hz-110C-32ct.ft
45,33279.0,1.0,0.0,518551.0,0808G1-0p15M-AlOH3-3M-NaOH-D2O/23Na-5th-2691Hz-110C-32ctF.ft
46,33361.0,2.0,9.391161016315266,3359571456.0,0808G1-0p15M-AlOH3-3M-NaOH-D2O/23Na-5th-2691Hz-110C-32ctF.ft
47,33482.0,3.0,2.0,1584970.5,0808G1-0p15M-AlOH3-3M-NaOH-D2O/23Na-5th-2691Hz-110C-32ctF.ft
48,33485.0,4.0,0.0,515050.0,0808G1-0p15M-AlOH3-3M-NaOH-D2O/23Na-5th-2691Hz-110C-32ctF.ft
49,33489.0,5.0,1.0,1037729.0,0808G1-0p15M-AlOH3-3M-NaOH-D2O/23Na-5th-2691Hz-110C-32ctF.ft
50,33279.0,1.0,0.0,518551.0,0808G1-0p15M-AlOH3-3M-NaOH-D2O/23Na-5th-2700Hz-100C-32ct.ft
51,33361.0,2.0,9.391161016315266,3359571456.0,0808G1-0p15M-AlOH3-3M-NaOH-D2O/23Na-5th-2700Hz-100C-32ct.ft
52,33482.0,3.0,2.0,1584970.5,0808G1-0p15M-AlOH3-3M-NaOH-D2O/23Na-5th-2700Hz-100C-32ct.ft
53,33485.0,4.0,0.0,515050.0,0808G1-0p15M-AlOH3-3M-NaOH-D2O/23Na-5th-2700Hz-100C-32ct.ft
54,33489.0,5.0,1.0,1037729.0,0808G1-0p15M-AlOH3-3M-NaOH-D2O/23Na-5th-2700Hz-100C-32ct.ft
55,33279.0,1.0,0.0,518551.0,0808G1-0p15M-AlOH3-3M-NaOH-D2O/23Na-5th-2700Hz-100C-32ctF.ft
56,33361.0,2.0,9.391161016315266,3359571456.0,0808G1-0p15M-AlOH3-3M-NaOH-D2O/23Na-5th-2700Hz-100C-32ctF.ft
57,33482.0,3.0,2.0,1584970.5,0808G1-0p15M-AlOH3-3M-NaOH-D2O/23Na-5th-2700Hz-100C-32ctF.ft
58,33485.0,4.0,0.0,515050.0,0808G1-0p15M-AlOH3-3M-NaOH-D2O/23Na-5th-2700Hz-100C-32ctF.ft
59,33489.0,5.0,1.0,1037729.0,0808G1-0p15M-AlOH3-3M-NaOH-D2O/23Na-5th-2700Hz-100C-32ctF.ft
60,33279.0,1.0,0.0,518551.0,0808G1-0p15M-AlOH3-3M-NaOH-D2O/23Na-5th-2710Hz-90C-32ct.ft
61,33361.0,2.0,9.391161016315266,3359571456.0,0808G1-0p15M-AlOH3-3M-NaOH-D2O/23Na-5th-2710Hz-90C-32ct.ft
62,33482.0,3.0,2.0,1584970.5,0808G1-0p15M-AlOH3-3M-NaOH-D2O/23Na-5th-2710Hz-90C-32ct.ft
63,33485.0,4.0,0.0,515050.0,0808G1-0p15M-AlOH3-3M-NaOH-D2O/23Na-5th-2710Hz-90C-32ct.ft
64,33489.0,5.0,1.0,1037729.0,0808G1-0p15M-AlOH3-3M-NaOH-D2O/23Na-5th-2710Hz-90C-32ct.ft
65,33279.0,1.0,0.0,518551.0,0808G1-0p15M-AlOH3-3M-NaOH-D2O/23Na-5th-2710Hz-90C-32ctF.ft
66,33361.0,2.0,9.391161016315266,3359571456.0,0808G1-0p15M-AlOH3-3M-NaOH-D2O/23Na-5th-2710Hz-90C-32ctF.ft
67,33482.0,3.0,2.0,1584970.5,0808G1-0p15M-AlOH3-3M-NaOH-D2O/23Na-5th-2710Hz-90C-32ctF.ft
68,33485.0,4.0,0.0,515050.0,0808G1-0p15M-AlOH3-3M-NaOH-D2O/23Na-5th-2710Hz-90C-32ctF.ft
69,33489.0,5.0,1.0,1037729.0,0808G1-0p15M-AlOH3-3M-NaOH-D2O/23Na-5th-2710Hz-90C-32ctF.ft
70,33279.0,1.0,0.0,518551.0,0808G1-0p15M-AlOH3-3M-NaOH-D2O/23Na-5th-2720Hz-80C-32ct.ft
71,33361.0,2.0,9.391161016315266,3359571456.0,0808G1-0p15M-AlOH3-3M-NaOH-D2O/23Na-5th-2720Hz-80C-32ct.ft
72,33482.0,3.0,2.0,1584970.5,0808G1-0p15M-AlOH3-3M-NaOH-D2O/23Na-5th-2720Hz-80C-32ct.ft
73,33485.0,4.0,0.0,515050.0,0808G1-0p15M-AlOH3-3M-NaOH-D2O/23Na-5th-2720Hz-80C-32ct.ft
74,33489.0,5.0,1.0,1037729.0,0808G1-0p15M-AlOH3-3M-NaOH-D2O/23Na-5th-2720Hz-80C-32ct.ft
75,33279.0,1.0,0.0,518551.0,0808G1-0p15M-AlOH3-3M-NaOH-D2O/23Na-5th-2720Hz-80C-32ctF.ft
76,33361.0,2.0,9.391161016315266,3359571456.0,0808G1-0p15M-AlOH3-3M-NaOH-D2O/23Na-5th-2720Hz-80C-32ctF.ft
77,33482.0,3.0,2.0,1584970.5,0808G1-0p15M-AlOH3-3M-NaOH-D2O/23Na-5th-2720Hz-80C-32ctF.ft
78,33485.0,4.0,0.0,515050.0,0808G1-0p15M-AlOH3-3M-NaOH-D2O/23Na-5th-2720Hz-80C-32ctF.ft
79,33489.0,5.0,1.0,1037729.0,0808G1-0p15M-AlOH3-3M-NaOH-D2O/23Na-5th-2720Hz-80C-32ctF.ft
80,33279.0,1.0,0.0,518551.0,0808G1-0p15M-AlOH3-3M-NaOH-D2O/23Na-5th-2732Hz-70C-32ct.ft
81,33361.0,2.0,9.391161016315266,3359571456.0,0808G1-0p15M-AlOH3-3M-NaOH-D2O/23Na-5th-2732Hz-70C-32ct.ft
82,33482.0,3.0,2.0,1584970.5,0808G1-0p15M-AlOH3-3M-NaOH-D2O/23Na-5th-2732Hz-70C-32ct.ft
83,33485.0,4.0,0.0,515050.0,0808G1-0p15M-AlOH3-3M-NaOH-D2O/23Na-5th-2732Hz-70C-32ct.ft
84,33489.0,5.0,1.0,1037729.0,0808G1-0p15M-AlOH3-3M-NaOH-D2O/23Na-5th-2732Hz-70C-32ct.ft
85,33279.0,1.0,0.0,518551.0,0808G1-0p15M-AlOH3-3M-NaOH-D2O/23Na-5th-2732Hz-70C-32ctF.ft
86,33361.0,2.0,9.391161016315266,3359571456.0,0808G1-0p15M-AlOH3-3M-NaOH-D2O/23Na-5th-2732Hz-70C-32ctF.ft
87,33482.0,3.0,2.0,1584970.5,0808G1-0p15M-AlOH3-3M-NaOH-D2O/23Na-5th-2732Hz-70C-32ctF.ft
88,33485.0,4.0,0.0,515050.0,0808G1-0p15M-AlOH3-3M-NaOH-D2O/23Na-5th-2732Hz-70C-32ctF.ft
89,33489.0,5.0,1.0,1037729.0,0808G1-0p15M-AlOH3-3M-NaOH-D2O/23Na-5th-2732Hz-70C-32ctF.ft
90,33279.0,1.0,0.0,518551.0,0808G1-0p15M-AlOH3-3M-NaOH-D2O/23Na-5th-2742Hz-60C-32ct.ft
91,33361.0,2.0,9.391161016315266,3359571456.0,0808G1-0p15M-AlOH3-3M-NaOH-D2O/23Na-5th-2742Hz-60C-32ct.ft
92,33482.0,3.0,2.0,1584970.5,0808G1-0p15M-AlOH3-3M-NaOH-D2O/23Na-5th-2742Hz-60C-32ct.ft
93,33485.0,4.0,0.0,515050.0,0808G1-0p15M-AlOH3-3M-NaOH-D2O/23Na-5th-2742Hz-60C-32ct.ft
94,33489.0,5.0,1.0,1037729.0,0808G1-0p15M-AlOH3-3M-NaOH-D2O/23Na-5th-2742Hz-60C-32ct.ft
95,33279.0,1.0,0.0,518551.0,0808G1-0p15M-AlOH3-3M-NaOH-D2O/23Na-5th-2742Hz-60C-32ctF.ft
96,33361.0,2.0,9.391161016315266,3359571456.0,0808G1-0p15M-AlOH3-3M-NaOH-D2O/23Na-5th-2742Hz-60C-32ctF.ft
97,33482.0,3.0,2.0,1584970.5,0808G1-0p15M-AlOH3-3M-NaOH-D2O/23Na-5th-2742Hz-60C-32ctF.ft
98,33485.0,4.0,0.0,515050.0,0808G1-0p15M-AlOH3-3M-NaOH-D2O/23Na-5th-2742Hz-60C-32ctF.ft
99,33489.0,5.0,1.0,1037729.0,0808G1-0p15M-AlOH3-3M-NaOH-D2O/23Na-5th-2742Hz-60C-32ctF.ft
100,33279.0,1.0,0.0,518551.0,0808G1-0p15M-AlOH3-3M-NaOH-D2O/23Na-5th-2752Hz-50C-32ct.ft
101,33361.0,2.0,9.391161016315266,3359571456.0,0808G1-0p15M-AlOH3-3M-NaOH-D2O/23Na-5th-2752Hz-50C-32ct.ft
102,33482.0,3.0,2.0,1584970.5,0808G1-0p15M-AlOH3-3M-NaOH-D2O/23Na-5th-2752Hz-50C-32ct.ft
103,33485.0,4.0,0.0,515050.0,0808G1-0p15M-AlOH3-3M-NaOH-D2O/23Na-5th-2752Hz-50C-32ct.ft
104,33489.0,5.0,1.0,1037729.0,0808G1-0p15M-AlOH3-3M-NaOH-D2O/23Na-5th-2752Hz-50C-32ct.ft
105,33279.0,1.0,0.0,518551.0,0808G1-0p15M-AlOH3-3M-NaOH-D2O/23Na-5th-2752Hz-50C-32ctF.ft
106,33361.0,2.0,9.391161016315266,3359571456.0,0808G1-0p15M-AlOH3-3M-NaOH-D2O/23Na-5th-2752Hz-50C-32ctF.ft
107,33482.0,3.0,2.0,1584970.5,0808G1-0p15M-AlOH3-3M-NaOH-D2O/23Na-5th-2752Hz-50C-32ctF.ft
108,33485.0,4.0,0.0,515050.0,0808G1-0p15M-AlOH3-3M-NaOH-D2O/23Na-5th-2752Hz-50C-32ctF.ft
109,33489.0,5.0,1.0,1037729.0,0808G1-0p15M-AlOH3-3M-NaOH-D2O/23Na-5th-2752Hz-50C-32ctF.ft
110,33279.0,1.0,0.0,518551.0,0808G1-0p15M-AlOH3-3M-NaOH-D2O/23Na-5th-2762Hz-40C-32ct.ft
111,33361.0,2.0,9.391161016315266,3359571456.0,0808G1-0p15M-AlOH3-3M-NaOH-D2O/23Na-5th-2762Hz-40C-32ct.ft
112,33482.0,3.0,2.0,1584970.5,0808G1-0p15M-AlOH3-3M-NaOH-D2O/23Na-5th-2762Hz-40C-32ct.ft
113,33485.0,4.0,0.0,515050.0,0808G1-0p15M-AlOH3-3M-NaOH-D2O/23Na-5th-2762Hz-40C-32ct.ft
114,33489.0,5.0,1.0,1037729.0,0808G1-0p15M-AlOH3-3M-NaOH-D2O/23Na-5th-2762Hz-40C-32ct.ft
115,33279.0,1.0,0.0,518551.0,0808G1-0p15M-AlOH3-3M-NaOH-D2O/23Na-5th-2762Hz-40C-32ctF.ft
116,33361.0,2.0,9.391161016315266,3359571456.0,0808G1-0p15M-AlOH3-3M-NaOH-D2O/23Na-5th-2762Hz-40C-32ctF.ft
117,33482.0,3.0,2.0,1584970.5,0808G1-0p15M-AlOH3-3M-NaOH-D2O/23Na-5th-2762Hz-40C-32ctF.ft
118,33485.0,4.0,0.0,515050.0,0808G1-0p15M-AlOH3-3M-NaOH-D2O/23Na-5th-2762Hz-40C-32ctF.ft
119,33489.0,5.0,1.0,1037729.0,0808G1-0p15M-AlOH3-3M-NaOH-D2O/23Na-5th-2762Hz-40C-32ctF.ft
120,33279.0,1.0,0.0,518551.0,0808G1-0p15M-AlOH3-3M-NaOH-D2O/23Na-5th-2767Hz-25C-32ct.ft
121,33361.0,2.0,9.391161016315266,3359571456.0,0808G1-0p15M-AlOH3-3M-NaOH-D2O/23Na-5th-2767Hz-25C-32ct.ft
122,33482.0,3.0,2.0,1584970.5,0808G1-0p15M-AlOH3-3M-NaOH-D2O/23Na-5th-2767Hz-25C-32ct.ft
123,33485.0,4.0,0.0,515050.0,0808G1-0p15M-AlOH3-3M-NaOH-D2O/23Na-5th-2767Hz-25C-32ct.ft
124,33489.0,5.0,1.0,1037729.0,0808G1-0p15M-AlOH3-3M-NaOH-D2O/23Na-5th-2767Hz-25C-32ct.ft
125,33279.0,1.0,0.0,518551.0,0808G1-0p15M-AlOH3-3M-NaOH-D2O/23Na-5th-2767Hz-25C-32ctF.ft
126,33361.0,2.0,9.391161016315266,3359571456.0,0808G1-0p15M-AlOH3-3M-NaOH-D2O/23Na-5th-2767Hz-25C-32ctF.ft
127,33482.0,3.0,2.0,1584970.5,0808G1-0p15M-AlOH3-3M-NaOH-D2O/23Na-5th-2767Hz-25C-32ctF.ft
128,33485.0,4.0,0.0,515050.0,0808G1-0p15M-AlOH3-3M-NaOH-D2O/23Na-5th-2767Hz-25C-32ctF.ft
129,33489.0,5.0,1.0,1037729.0,0808G1-0p15M-AlOH3-3M-NaOH-D2O/23Na-5th-2767Hz-25C-32ctF.ft
130,33279.0,1.0,0.0,518551.0,0808G1-0p15M-AlOH3-3M-NaOH-D2O/23Na-concentrated-Gibbsite-2730Hz-140C-32ct.ft
131,33361.0,2.0,9.391161016315266,3359571456.0,0808G1-0p15M-AlOH3-3M-NaOH-D2O/23Na-concentrated-Gibbsite-2730Hz-140C-32ct.ft
132,33482.0,3.0,2.0,1584970.5,0808G1-0p15M-AlOH3-3M-NaOH-D2O/23Na-concentrated-Gibbsite-2730Hz-140C-32ct.ft
133,33485.0,4.0,0.0,515050.0,0808G1-0p15M-AlOH3-3M-NaOH-D2O/23Na-concentrated-Gibbsite-2730Hz-140C-32ct.ft
134,33489.0,5.0,1.0,1037729.0,0808G1-0p15M-AlOH3-3M-NaOH-D2O/23Na-concentrated-Gibbsite-2730Hz-140C-32ct.ft
135,33279.0,1.0,0.0,518551.0,0808G1-0p15M-AlOH3-3M-NaOH-D2O/23Na-concentrated-Gibbsite-2730Hz-140C-32ctF.ft
136,33361.0,2.0,9.391161016315266,3359571456.0,0808G1-0p15M-AlOH3-3M-NaOH-D2O/23Na-concentrated-Gibbsite-2730Hz-140C-32ctF.ft
137,33482.0,3.0,2.0,1584970.5,0808G1-0p15M-AlOH3-3M-NaOH-D2O/23Na-concentrated-Gibbsite-2730Hz-140C-32ctF.ft
138,33485.0,4.0,0.0,515050.0,0808G1-0p15M-AlOH3-3M-NaOH-D2O/23Na-concentrated-Gibbsite-2730Hz-140C-32ctF.ft
139,33489.0,5.0,1.0,1037729.0,0808G1-0p15M-AlOH3-3M-NaOH-D2O/23Na-concentrated-Gibbsite-2730Hz-140C-32ctF.ft
140,33279.0,1.0,0.0,518551.0,0808G1-0p15M-AlOH3-3M-NaOH-D2O/23Na-concentrated-Gibbsite-2735Hz-130C-32ct.ft
141,33361.0,2.0,9.391161016315266,3359571456.0,0808G1-0p15M-AlOH3-3M-NaOH-D2O/23Na-concentrated-Gibbsite-2735Hz-130C-32ct.ft
142,33482.0,3.0,2.0,1584970.5,0808G1-0p15M-AlOH3-3M-NaOH-D2O/23Na-concentrated-Gibbsite-2735Hz-130C-32ct.ft
143,33485.0,4.0,0.0,515050.0,0808G1-0p15M-AlOH3-3M-NaOH-D2O/23Na-concentrated-Gibbsite-2735Hz-130C-32ct.ft
144,33489.0,5.0,1.0,1037729.0,0808G1-0p15M-AlOH3-3M-NaOH-D2O/23Na-concentrated-Gibbsite-2735Hz-130C-32ct.ft
145,33279.0,1.0,0.0,518551.0,0808G1-0p15M-AlOH3-3M-NaOH-D2O/23Na-concentrated-Gibbsite-2735Hz-130C-32ctF.ft
146,33361.0,2.0,9.391161016315266,3359571456.0,0808G1-0p15M-AlOH3-3M-NaOH-D2O/23Na-concentrated-Gibbsite-2735Hz-130C-32ctF.ft
147,33482.0,3.0,2.0,1584970.5,0808G1-0p15M-AlOH3-3M-NaOH-D2O/23Na-concentrated-Gibbsite-2735Hz-130C-32ctF.ft
148,33485.0,4.0,0.0,515050.0,0808G1-0p15M-AlOH3-3M-NaOH-D2O/23Na-concentrated-Gibbsite-2735Hz-130C-32ctF.ft
149,33489.0,5.0,1.0,1037729.0,0808G1-0p15M-AlOH3-3M-NaOH-D2O/23Na-concentrated-Gibbsite-2735Hz-130C-32ctF.ft
150,33279.0,1.0,0.0,518551.0,0808G1-0p15M-AlOH3-3M-NaOH-D2O/23Na-concentrated-Gibbsite-2744Hz-110C-32ct.ft
151,33361.0,2.0,9.391161016315266,3359571456.0,0808G1-0p15M-AlOH3-3M-NaOH-D2O/23Na-concentrated-Gibbsite-2744Hz-110C-32ct.ft
152,33482.0,3.0,2.0,1584970.5,0808G1-0p15M-AlOH3-3M-NaOH-D2O/23Na-concentrated-Gibbsite-2744Hz-110C-32ct.ft
153,33485.0,4.0,0.0,515050.0,0808G1-0p15M-AlOH3-3M-NaOH-D2O/23Na-concentrated-Gibbsite-2744Hz-110C-32ct.ft
154,33489.0,5.0,1.0,1037729.0,0808G1-0p15M-AlOH3-3M-NaOH-D2O/23Na-concentrated-Gibbsite-2744Hz-110C-32ct.ft
155,33279.0,1.0,0.0,518551.0,0808G1-0p15M-AlOH3-3M-NaOH-D2O/23Na-concentrated-Gibbsite-2744Hz-110C-32ctF.ft
156,33361.0,2.0,9.391161016315266,3359571456.0,0808G1-0p15M-AlOH3-3M-NaOH-D2O/23Na-concentrated-Gibbsite-2744Hz-110C-32ctF.ft
157,33482.0,3.0,2.0,1584970.5,0808G1-0p15M-AlOH3-3M-NaOH-D2O/23Na-concentrated-Gibbsite-2744Hz-110C-32ctF.ft
158,33485.0,4.0,0.0,515050.0,0808G1-0p15M-AlOH3-3M-NaOH-D2O/23Na-concentrated-Gibbsite-2744Hz-110C-32ctF.ft
159,33489.0,5.0,1.0,1037729.0,0808G1-0p15M-AlOH3-3M-NaOH-D2O/23Na-concentrated-Gibbsite-2744Hz-110C-32ctF.ft
160,33279.0,1.0,0.0,518551.0,0808G1-0p15M-AlOH3-3M-NaOH-D2O/23Na-concentrated-Gibbsite-2755Hz-90C-32ct.ft
161,33361.0,2.0,9.391161016315266,3359571456.0,0808G1-0p15M-AlOH3-3M-NaOH-D2O/23Na-concentrated-Gibbsite-2755Hz-90C-32ct.ft
162,33482.0,3.0,2.0,1584970.5,0808G1-0p15M-AlOH3-3M-NaOH-D2O/23Na-concentrated-Gibbsite-2755Hz-90C-32ct.ft
163,33485.0,4.0,0.0,515050.0,0808G1-0p15M-AlOH3-3M-NaOH-D2O/23Na-concentrated-Gibbsite-2755Hz-90C-32ct.ft
164,33489.0,5.0,1.0,1037729.0,0808G1-0p15M-AlOH3-3M-NaOH-D2O/23Na-concentrated-Gibbsite-2755Hz-90C-32ct.ft
165,33279.0,1.0,0.0,518551.0,0808G1-0p15M-AlOH3-3M-NaOH-D2O/23Na-concentrated-Gibbsite-2755Hz-90C-32ctF.ft
166,33361.0,2.0,9.391161016315266,3359571456.0,0808G1-0p15M-AlOH3-3M-NaOH-D2O/23Na-concentrated-Gibbsite-2755Hz-90C-32ctF.ft
167,33482.0,3.0,2.0,1584970.5,0808G1-0p15M-AlOH3-3M-NaOH-D2O/23Na-concentrated-Gibbsite-2755Hz-90C-32ctF.ft
168,33485.0,4.0,0.0,515050.0,0808G1-0p15M-AlOH3-3M-NaOH-D2O/23Na-concentrated-Gibbsite-2755Hz-90C-32ctF.ft
169,33489.0,5.0,1.0,1037729.0,0808G1-0p15M-AlOH3-3M-NaOH-D2O/23Na-concentrated-Gibbsite-2755Hz-90C-32ctF.ft
170,33279.0,1.0,0.0,518551.0,0808G1-0p15M-AlOH3-3M-NaOH-D2O/23Na-concentrated-Gibbsite-2767Hz-170C-32ct.ft
171,33361.0,2.0,9.391161016315266,3359571456.0,0808G1-0p15M-AlOH3-3M-NaOH-D2O/23Na-concentrated-Gibbsite-2767Hz-170C-32ct.ft
172,33482.0,3.0,2.0,1584970.5,0808G1-0p15M-AlOH3-3M-NaOH-D2O/23Na-concentrated-Gibbsite-2767Hz-170C-32ct.ft
173,33485.0,4.0,0.0,515050.0,0808G1-0p15M-AlOH3-3M-NaOH-D2O/23Na-concentrated-Gibbsite-2767Hz-170C-32ct.ft
174,33489.0,5.0,1.0,1037729.0,0808G1-0p15M-AlOH3-3M-NaOH-D2O/23Na-concentrated-Gibbsite-2767Hz-170C-32ct.ft
175,33279.0,1.0,0.0,518551.0,0808G1-0p15M-AlOH3-3M-NaOH-D2O/23Na-concentrated-Gibbsite-2767Hz-170C-32ctF.ft
176,33361.0,2.0,9.391161016315266,3359571456.0,0808G1-0p15M-AlOH3-3M-NaOH-D2O/23Na-concentrated-Gibbsite-2767Hz-170C-32ctF.ft
177,33482.0,3.0,2.0,1584970.5,0808G1-0p15M-AlOH3-3M-NaOH-D2O/23Na-concentrated-Gibbsite-2767Hz-170C-32ctF.ft
178,33485.0,4.0,0.0,515050.0,0808G1-0p15M-AlOH3-3M-NaOH-D2O/23Na-concentrated-Gibbsite-2767Hz-170C-32ctF.ft
179,33489.0,5.0,1.0,1037729.0,0808G1-0p15M-AlOH3-3M-NaOH-D2O/23Na-concentrated-Gibbsite-2767Hz-170C-32ctF.ft
180,33279.0,1.0,0.0,518551.0,0808G1-0p15M-AlOH3-3M-NaOH-D2O/23Na-concentrated-Gibbsite-2770Hz-70C-32ct.ft
181,33361.0,2.0,9.391161016315266,3359571456.0,0808G1-0p15M-AlOH3-3M-NaOH-D2O/23Na-concentrated-Gibbsite-2770Hz-70C-32ct.ft
182,33482.0,3.0,2.0,1584970.5,0808G1-0p15M-AlOH3-3M-NaOH-D2O/23Na-concentrated-Gibbsite-2770Hz-70C-32ct.ft
183,33485.0,4.0,0.0,515050.0,0808G1-0p15M-AlOH3-3M-NaOH-D2O/23Na-concentrated-Gibbsite-2770Hz-70C-32ct.ft
184,33489.0,5.0,1.0,1037729.0,0808G1-0p15M-AlOH3-3M-NaOH-D2O/23Na-concentrated-Gibbsite-2770Hz-70C-32ct.ft
185,33279.0,1.0,0.0,518551.0,0808G1-0p15M-AlOH3-3M-NaOH-D2O/23Na-concentrated-Gibbsite-2770Hz-70C-32ctF.ft
186,33361.0,2.0,9.391161016315266,3359571456.0,0808G1-0p15M-AlOH3-3M-NaOH-D2O/23Na-concentrated-Gibbsite-2770Hz-70C-32ctF.ft
187,33482.0,3.0,2.0,1584970.5,0808G1-0p15M-AlOH3-3M-NaOH-D2O/23Na-concentrated-Gibbsite-2770Hz-70C-32ctF.ft
188,33485.0,4.0,0.0,515050.0,0808G1-0p15M-AlOH3-3M-NaOH-D2O/23Na-concentrated-Gibbsite-2770Hz-70C-32ctF.ft
189,33489.0,5.0,1.0,1037729.0,0808G1-0p15M-AlOH3-3M-NaOH-D2O/23Na-concentrated-Gibbsite-2770Hz-70C-32ctF.ft
190,33279.0,1.0,0.0,518551.0,0808G1-0p15M-AlOH3-3M-NaOH-D2O/23Na-concentrated-Gibbsite-2782Hz-50C-32ct.ft
191,33361.0,2.0,9.391161016315266,3359571456.0,0808G1-0p15M-AlOH3-3M-NaOH-D2O/23Na-concentrated-Gibbsite-2782Hz-50C-32ct.ft
192,33482.0,3.0,2.0,1584970.5,0808G1-0p15M-AlOH3-3M-NaOH-D2O/23Na-concentrated-Gibbsite-2782Hz-50C-32ct.ft
193,33485.0,4.0,0.0,515050.0,0808G1-0p15M-AlOH3-3M-NaOH-D2O/23Na-concentrated-Gibbsite-2782Hz-50C-32ct.ft
194,33489.0,5.0,1.0,1037729.0,0808G1-0p15M-AlOH3-3M-NaOH-D2O/23Na-concentrated-Gibbsite-2782Hz-50C-32ct.ft
195,33279.0,1.0,0.0,518551.0,0808G1-0p15M-AlOH3-3M-NaOH-D2O/23Na-concentrated-Gibbsite-2782Hz-50C-32ctF.ft
196,33361.0,2.0,9.391161016315266,3359571456.0,0808G1-0p15M-AlOH3-3M-NaOH-D2O/23Na-concentrated-Gibbsite-2782Hz-50C-32ctF.ft
197,33482.0,3.0,2.0,1584970.5,0808G1-0p15M-AlOH3-3M-NaOH-D2O/23Na-concentrated-Gibbsite-2782Hz-50C-32ctF.ft
198,33485.0,4.0,0.0,515050.0,0808G1-0p15M-AlOH3-3M-NaOH-D2O/23Na-concentrated-Gibbsite-2782Hz-50C-32ctF.ft
199,33489.0,5.0,1.0,1037729.0,0808G1-0p15M-AlOH3-3M-NaOH-D2O/23Na-concentrated-Gibbsite-2782Hz-50C-32ctF.ft
200,33279.0,1.0,0.0,518551.0,0808G1-0p15M-AlOH3-3M-NaOH-D2O/23Na-concentrated-Gibbsite-2795Hz-25C-32ct.ft
201,33361.0,2.0,9.391161016315266,3359571456.0,0808G1-0p15M-AlOH3-3M-NaOH-D2O/23Na-concentrated-Gibbsite-2795Hz-25C-32ct.ft
202,33482.0,3.0,2.0,1584970.5,0808G1-0p15M-AlOH3-3M-NaOH-D2O/23Na-concentrated-Gibbsite-2795Hz-25C-32ct.ft
203,33485.0,4.0,0.0,515050.0,0808G1-0p15M-AlOH3-3M-NaOH-D2O/23Na-concentrated-Gibbsite-2795Hz-25C-32ct.ft
204,33489.0,5.0,1.0,1037729.0,0808G1-0p15M-AlOH3-3M-NaOH-D2O/23Na-concentrated-Gibbsite-2795Hz-25C-32ct.ft
205,33279.0,1.0,0.0,518551.0,0808G1-0p15M-AlOH3-3M-NaOH-D2O/23Na-concentrated-Gibbsite-2795Hz-25C-32ctF.ft
206,33361.0,2.0,9.391161016315266,3359571456.0,0808G1-0p15M-AlOH3-3M-NaOH-D2O/23Na-concentrated-Gibbsite-2795Hz-25C-32ctF.ft
207,33482.0,3.0,2.0,1584970.5,0808G1-0p15M-AlOH3-3M-NaOH-D2O/23Na-concentrated-Gibbsite-2795Hz-25C-32ctF.ft
208,33485.0,4.0,0.0,515050.0,0808G1-0p15M-AlOH3-3M-NaOH-D2O/23Na-concentrated-Gibbsite-2795Hz-25C-32ctF.ft
209,33489.0,5.0,1.0,1037729.0,0808G1-0p15M-AlOH3-3M-NaOH-D2O/23Na-concentrated-Gibbsite-2795Hz-25C-32ctF.ft
210,33279.0,1.0,0.0,518551.0,0808G1-0p15M-AlOH3-3M-NaOH-D2O/27Al-2nd-2740Hz-25C-128ct.ft
211,33361.0,2.0,9.391161016315266,3359571456.0,0808G1-0p15M-AlOH3-3M-NaOH-D2O/27Al-2nd-2740Hz-25C-128ct.ft
212,33482.0,3.0,2.0,1584970.5,0808G1-0p15M-AlOH3-3M-NaOH-D2O/27Al-2nd-2740Hz-25C-128ct.ft
213,33485.0,4.0,0.0,515050.0,0808G1-0p15M-AlOH3-3M-NaOH-D2O/27Al-2nd-2740Hz-25C-128ct.ft
214,33489.0,5.0,1.0,1037729.0,0808G1-0p15M-AlOH3-3M-NaOH-D2O/27Al-2nd-2740Hz-25C-128ct.ft
215,33279.0,1.0,0.0,518551.0,0808G1-0p15M-AlOH3-3M-NaOH-D2O/27Al-2nd-2740Hz-25C-128ctF.ft
216,33361.0,2.0,9.391161016315266,3359571456.0,0808G1-0p15M-AlOH3-3M-NaOH-D2O/27Al-2nd-2740Hz-25C-128ctF.ft
217,33482.0,3.0,2.0,1584970.5,0808G1-0p15M-AlOH3-3M-NaOH-D2O/27Al-2nd-2740Hz-25C-128ctF.ft
218,33485.0,4.0,0.0,515050.0,0808G1-0p15M-AlOH3-3M-NaOH-D2O/27Al-2nd-2740Hz-25C-128ctF.ft
219,33489.0,5.0,1.0,1037729.0,0808G1-0p15M-AlOH3-3M-NaOH-D2O/27Al-2nd-2740Hz-25C-128ctF.ft
220,33279.0,1.0,0.0,518551.0,0808G1-0p15M-AlOH3-3M-NaOH-D2O/27Al-5th-2671Hz-130C-600ct.ft
221,33361.0,2.0,9.391161016315266,3359571456.0,0808G1-0p15M-AlOH3-3M-NaOH-D2O/27Al-5th-2671Hz-130C-600ct.ft
222,33482.0,3.0,2.0,1584970.5,0808G1-0p15M-AlOH3-3M-NaOH-D2O/27Al-5th-2671Hz-130C-600ct.ft
223,33485.0,4.0,0.0,515050.0,0808G1-0p15M-AlOH3-3M-NaOH-D2O/27Al-5th-2671Hz-130C-600ct.ft
224,33489.0,5.0,1.0,1037729.0,0808G1-0p15M-AlOH3-3M-NaOH-D2O/27Al-5th-2671Hz-130C-600ct.ft
225,33279.0,1.0,0.0,518551.0,0808G1-0p15M-AlOH3-3M-NaOH-D2O/27Al-5th-2671Hz-130C-600ctF.ft
226,33361.0,2.0,9.391161016315266,3359571456.0,0808G1-0p15M-AlOH3-3M-NaOH-D2O/27Al-5th-2671Hz-130C-600ctF.ft
227,33482.0,3.0,2.0,1584970.5,0808G1-0p15M-AlOH3-3M-NaOH-D2O/27Al-5th-2671Hz-130C-600ctF.ft
228,33485.0,4.0,0.0,515050.0,0808G1-0p15M-AlOH3-3M-NaOH-D2O/27Al-5th-2671Hz-130C-600ctF.ft
229,33489.0,5.0,1.0,1037729.0,0808G1-0p15M-AlOH3-3M-NaOH-D2O/27Al-5th-2671Hz-130C-600ctF.ft
230,33279.0,1.0,0.0,518551.0,0808G1-0p15M-AlOH3-3M-NaOH-D2O/27Al-5th-2681Hz-120C-600ct.ft
231,33361.0,2.0,9.391161016315266,3359571456.0,0808G1-0p15M-AlOH3-3M-NaOH-D2O/27Al-5th-2681Hz-120C-600ct.ft
232,33482.0,3.0,2.0,1584970.5,0808G1-0p15M-AlOH3-3M-NaOH-D2O/27Al-5th-2681Hz-120C-600ct.ft
233,33485.0,4.0,0.0,515050.0,0808G1-0p15M-AlOH3-3M-NaOH-D2O/27Al-5th-2681Hz-120C-600ct.ft
234,33489.0,5.0,1.0,1037729.0,0808G1-0p15M-AlOH3-3M-NaOH-D2O/27Al-5th-2681Hz-120C-600ct.ft
235,33279.0,1.0,0.0,518551.0,0808G1-0p15M-AlOH3-3M-NaOH-D2O/27Al-5th-2681Hz-120C-600ctF.ft
236,33361.0,2.0,9.391161016315266,3359571456.0,0808G1-0p15M-AlOH3-3M-NaOH-D2O/27Al-5th-2681Hz-120C-600ctF.ft
237,33482.0,3.0,2.0,1584970.5,0808G1-0p15M-AlOH3-3M-NaOH-D2O/27Al-5th-2681Hz-120C-600ctF.ft
238,33485.0,4.0,0.0,515050.0,0808G1-0p15M-AlOH3-3M-NaOH-D2O/27Al-5th-2681Hz-120C-600ctF.ft
239,33489.0,5.0,1.0,1037729.0,0808G1-0p15M-AlOH3-3M-NaOH-D2O/27Al-5th-2681Hz-120C-600ctF.ft
240,33279.0,1.0,0.0,518551.0,0808G1-0p15M-AlOH3-3M-NaOH-D2O/27Al-5th-2691Hz-110C-600ct.ft
241,33361.0,2.0,9.391161016315266,3359571456.0,0808G1-0p15M-AlOH3-3M-NaOH-D2O/27Al-5th-2691Hz-110C-600ct.ft
242,33482.0,3.0,2.0,1584970.5,0808G1-0p15M-AlOH3-3M-NaOH-D2O/27Al-5th-2691Hz-110C-600ct.ft
243,33485.0,4.0,0.0,515050.0,0808G1-0p15M-AlOH3-3M-NaOH-D2O/27Al-5th-2691Hz-110C-600ct.ft
244,33489.0,5.0,1.0,1037729.0,0808G1-0p15M-AlOH3-3M-NaOH-D2O/27Al-5th-2691Hz-110C-600ct.ft
245,33279.0,1.0,0.0,518551.0,0808G1-0p15M-AlOH3-3M-NaOH-D2O/27Al-5th-2691Hz-110C-600ctF.ft
246,33361.0,2.0,9.391161016315266,3359571456.0,0808G1-0p15M-AlOH3-3M-NaOH-D2O/27Al-5th-2691Hz-110C-600ctF.ft
247,33482.0,3.0,2.0,1584970.5,0808G1-0p15M-AlOH3-3M-NaOH-D2O/27Al-5th-2691Hz-110C-600ctF.ft
248,33485.0,4.0,0.0,515050.0,0808G1-0p15M-AlOH3-3M-NaOH-D2O/27Al-5th-2691Hz-110C-600ctF.ft
249,33489.0,5.0,1.0,1037729.0,0808G1-0p15M-AlOH3-3M-NaOH-D2O/27Al-5th-2691Hz-110C-600ctF.ft
250,33279.0,1.0,0.0,518551.0,0808G1-0p15M-AlOH3-3M-NaOH-D2O/27Al-5th-2700Hz-100C-600ct.ft
251,33361.0,2.0,9.391161016315266,3359571456.0,0808G1-0p15M-AlOH3-3M-NaOH-D2O/27Al-5th-2700Hz-100C-600ct.ft
252,33482.0,3.0,2.0,1584970.5,0808G1-0p15M-AlOH3-3M-NaOH-D2O/27Al-5th-2700Hz-100C-600ct.ft
253,33485.0,4.0,0.0,515050.0,0808G1-0p15M-AlOH3-3M-NaOH-D2O/27Al-5th-2700Hz-100C-600ct.ft
254,33489.0,5.0,1.0,1037729.0,0808G1-0p15M-AlOH3-3M-NaOH-D2O/27Al-5th-2700Hz-100C-600ct.ft
255,33279.0,1.0,0.0,518551.0,0808G1-0p15M-AlOH3-3M-NaOH-D2O/27Al-5th-2700Hz-100C-600ctF.ft
256,33361.0,2.0,9.391161016315266,3359571456.0,0808G1-0p15M-AlOH3-3M-NaOH-D2O/27Al-5th-2700Hz-100C-600ctF.ft
257,33482.0,3.0,2.0,1584970.5,0808G1-0p15M-AlOH3-3M-NaOH-D2O/27Al-5th-2700Hz-100C-600ctF.ft
258,33485.0,4.0,0.0,515050.0,0808G1-0p15M-AlOH3-3M-NaOH-D2O/27Al-5th-2700Hz-100C-600ctF.ft
259,33489.0,5.0,1.0,1037729.0,0808G1-0p15M-AlOH3-3M-NaOH-D2O/27Al-5th-2700Hz-100C-600ctF.ft
260,33279.0,1.0,0.0,518551.0,0808G1-0p15M-AlOH3-3M-NaOH-D2O/27Al-5th-2710Hz-90C-600ct.ft
261,33361.0,2.0,9.391161016315266,3359571456.0,0808G1-0p15M-AlOH3-3M-NaOH-D2O/27Al-5th-2710Hz-90C-600ct.ft
262,33482.0,3.0,2.0,1584970.5,0808G1-0p15M-AlOH3-3M-NaOH-D2O/27Al-5th-2710Hz-90C-600ct.ft
263,33485.0,4.0,0.0,515050.0,0808G1-0p15M-AlOH3-3M-NaOH-D2O/27Al-5th-2710Hz-90C-600ct.ft
264,33489.0,5.0,1.0,1037729.0,0808G1-0p15M-AlOH3-3M-NaOH-D2O/27Al-5th-2710Hz-90C-600ct.ft
265,33279.0,1.0,0.0,518551.0,0808G1-0p15M-AlOH3-3M-NaOH-D2O/27Al-5th-2710Hz-90C-600ctF.ft
266,33361.0,2.0,9.391161016315266,3359571456.0,0808G1-0p15M-AlOH3-3M-NaOH-D2O/27Al-5th-2710Hz-90C-600ctF.ft
267,33482.0,3.0,2.0,1584970.5,0808G1-0p15M-AlOH3-3M-NaOH-D2O/27Al-5th-2710Hz-90C-600ctF.ft
268,33485.0,4.0,0.0,515050.0,0808G1-0p15M-AlOH3-3M-NaOH-D2O/27Al-5th-2710Hz-90C-600ctF.ft
269,33489.0,5.0,1.0,1037729.0,0808G1-0p15M-AlOH3-3M-NaOH-D2O/27Al-5th-2710Hz-90C-600ctF.ft
270,33279.0,1.0,0.0,518551.0,0808G1-0p15M-AlOH3-3M-NaOH-D2O/27Al-5th-2720Hz-80C-600ct.ft
271,33361.0,2.0,9.391161016315266,3359571456.0,0808G1-0p15M-AlOH3-3M-NaOH-D2O/27Al-5th-2720Hz-80C-600ct.ft
272,33482.0,3.0,2.0,1584970.5,0808G1-0p15M-AlOH3-3M-NaOH-D2O/27Al-5th-2720Hz-80C-600ct.ft
273,33485.0,4.0,0.0,515050.0,0808G1-0p15M-AlOH3-3M-NaOH-D2O/27Al-5th-2720Hz-80C-600ct.ft
274,33489.0,5.0,1.0,1037729.0,0808G1-0p15M-AlOH3-3M-NaOH-D2O/27Al-5th-2720Hz-80C-600ct.ft
275,33279.0,1.0,0.0,518551.0,0808G1-0p15M-AlOH3-3M-NaOH-D2O/27Al-5th-2720Hz-80C-600ctF.ft
276,33361.0,2.0,9.391161016315266,3359571456.0,0808G1-0p15M-AlOH3-3M-NaOH-D2O/27Al-5th-2720Hz-80C-600ctF.ft
277,33482.0,3.0,2.0,1584970.5,0808G1-0p15M-AlOH3-3M-NaOH-D2O/27Al-5th-2720Hz-80C-600ctF.ft
278,33485.0,4.0,0.0,515050.0,0808G1-0p15M-AlOH3-3M-NaOH-D2O/27Al-5th-2720Hz-80C-600ctF.ft
279,33489.0,5.0,1.0,1037729.0,0808G1-0p15M-AlOH3-3M-NaOH-D2O/27Al-5th-2720Hz-80C-600ctF.ft
280,33279.0,1.0,0.0,518551.0,0808G1-0p15M-AlOH3-3M-NaOH-D2O/27Al-5th-2732Hz-70C-600ct.ft
281,33361.0,2.0,9.391161016315266,3359571456.0,0808G1-0p15M-AlOH3-3M-NaOH-D2O/27Al-5th-2732Hz-70C-600ct.ft
282,33482.0,3.0,2.0,1584970.5,0808G1-0p15M-AlOH3-3M-NaOH-D2O/27Al-5th-2732Hz-70C-600ct.ft
283,33485.0,4.0,0.0,515050.0,0808G1-0p15M-AlOH3-3M-NaOH-D2O/27Al-5th-2732Hz-70C-600ct.ft
284,33489.0,5.0,1.0,1037729.0,0808G1-0p15M-AlOH3-3M-NaOH-D2O/27Al-5th-2732Hz-70C-600ct.ft
285,33279.0,1.0,0.0,518551.0,0808G1-0p15M-AlOH3-3M-NaOH-D2O/27Al-5th-2732Hz-70C-600ctF.ft
286,33361.0,2.0,9.391161016315266,3359571456.0,0808G1-0p15M-AlOH3-3M-NaOH-D2O/27Al-5th-2732Hz-70C-600ctF.ft
287,33482.0,3.0,2.0,1584970.5,0808G1-0p15M-AlOH3-3M-NaOH-D2O/27Al-5th-2732Hz-70C-600ctF.ft
288,33485.0,4.0,0.0,515050.0,0808G1-0p15M-AlOH3-3M-NaOH-D2O/27Al-5th-2732Hz-70C-600ctF.ft
289,33489.0,5.0,1.0,1037729.0,0808G1-0p15M-AlOH3-3M-NaOH-D2O/27Al-5th-2732Hz-70C-600ctF.ft
290,33279.0,1.0,0.0,518551.0,0808G1-0p15M-AlOH3-3M-NaOH-D2O/27Al-5th-2742Hz-60C-600ct.ft
291,33361.0,2.0,9.391161016315266,3359571456.0,0808G1-0p15M-AlOH3-3M-NaOH-D2O/27Al-5th-2742Hz-60C-600ct.ft
292,33482.0,3.0,2.0,1584970.5,0808G1-0p15M-AlOH3-3M-NaOH-D2O/27Al-5th-2742Hz-60C-600ct.ft
293,33485.0,4.0,0.0,515050.0,0808G1-0p15M-AlOH3-3M-NaOH-D2O/27Al-5th-2742Hz-60C-600ct.ft
294,33489.0,5.0,1.0,1037729.0,0808G1-0p15M-AlOH3-3M-NaOH-D2O/27Al-5th-2742Hz-60C-600ct.ft
295,33279.0,1.0,0.0,518551.0,0808G1-0p15M-AlOH3-3M-NaOH-D2O/27Al-5th-2742Hz-60C-600ctF.ft
296,33361.0,2.0,9.391161016315266,3359571456.0,0808G1-0p15M-AlOH3-3M-NaOH-D2O/27Al-5th-2742Hz-60C-600ctF.ft
297,33482.0,3.0,2.0,1584970.5,0808G1-0p15M-AlOH3-3M-NaOH-D2O/27Al-5th-2742Hz-60C-600ctF.ft
298,33485.0,4.0,0.0,515050.0,0808G1-0p15M-AlOH3-3M-NaOH-D2O/27Al-5th-2742Hz-60C-600ctF.ft
299,33489.0,5.0,1.0,1037729.0,0808G1-0p15M-AlOH3-3M-NaOH-D2O/27Al-5th-2742Hz-60C-600ctF.ft
300,33279.0,1.0,0.0,518551.0,0808G1-0p15M-AlOH3-3M-NaOH-D2O/27Al-5th-2752Hz-50C-600ct.ft
301,33361.0,2.0,9.391161016315266,3359571456.0,0808G1-0p15M-AlOH3-3M-NaOH-D2O/27Al-5th-2752Hz-50C-600ct.ft
302,33482.0,3.0,2.0,1584970.5,0808G1-0p15M-AlOH3-3M-NaOH-D2O/27Al-5th-2752Hz-50C-600ct.ft
303,33485.0,4.0,0.0,515050.0,0808G1-0p15M-AlOH3-3M-NaOH-D2O/27Al-5th-2752Hz-50C-600ct.ft
304,33489.0,5.0,1.0,1037729.0,0808G1-0p15M-AlOH3-3M-NaOH-D2O/27Al-5th-2752Hz-50C-600ct.ft
305,33279.0,1.0,0.0,518551.0,0808G1-0p15M-AlOH3-3M-NaOH-D2O/27Al-5th-2752Hz-50C-600ctF.ft
306,33361.0,2.0,9.391161016315266,3359571456.0,0808G1-0p15M-AlOH3-3M-NaOH-D2O/27Al-5th-2752Hz-50C-600ctF.ft
307,33482.0,3.0,2.0,1584970.5,0808G1-0p15M-AlOH3-3M-NaOH-D2O/27Al-5th-2752Hz-50C-600ctF.ft
308,33485.0,4.0,0.0,515050.0,0808G1-0p15M-AlOH3-3M-NaOH-D2O/27Al-5th-2752Hz-50C-600ctF.ft
309,33489.0,5.0,1.0,1037729.0,0808G1-0p15M-AlOH3-3M-NaOH-D2O/27Al-5th-2752Hz-50C-600ctF.ft
310,33279.0,1.0,0.0,518551.0,0808G1-0p15M-AlOH3-3M-NaOH-D2O/27Al-5th-2762Hz-40C-600ct.ft
311,33361.0,2.0,9.391161016315266,3359571456.0,0808G1-0p15M-AlOH3-3M-NaOH-D2O/27Al-5th-2762Hz-40C-600ct.ft
312,33482.0,3.0,2.0,1584970.5,0808G1-0p15M-AlOH3-3M-NaOH-D2O/27Al-5th-2762Hz-40C-600ct.ft
313,33485.0,4.0,0.0,515050.0,0808G1-0p15M-AlOH3-3M-NaOH-D2O/27Al-5th-2762Hz-40C-600ct.ft
314,33489.0,5.0,1.0,1037729.0,0808G1-0p15M-AlOH3-3M-NaOH-D2O/27Al-5th-2762Hz-40C-600ct.ft
315,33279.0,1.0,0.0,518551.0,0808G1-0p15M-AlOH3-3M-NaOH-D2O/27Al-5th-2762Hz-40C-600ctF.ft
316,33361.0,2.0,9.391161016315266,3359571456.0,0808G1-0p15M-AlOH3-3M-NaOH-D2O/27Al-5th-2762Hz-40C-600ctF.ft
317,33482.0,3.0,2.0,1584970.5,0808G1-0p15M-AlOH3-3M-NaOH-D2O/27Al-5th-2762Hz-40C-600ctF.ft
318,33485.0,4.0,0.0,515050.0,0808G1-0p15M-AlOH3-3M-NaOH-D2O/27Al-5th-2762Hz-40C-600ctF.ft
319,33489.0,5.0,1.0,1037729.0,0808G1-0p15M-AlOH3-3M-NaOH-D2O/27Al-5th-2762Hz-40C-600ctF.ft
320,33279.0,1.0,0.0,518551.0,0808G1-0p15M-AlOH3-3M-NaOH-D2O/27Al-concentrated-Gibbsite-2730Hz-140C-128ct.ft
321,33361.0,2.0,9.391161016315266,3359571456.0,0808G1-0p15M-AlOH3-3M-NaOH-D2O/27Al-concentrated-Gibbsite-2730Hz-140C-128ct.ft
322,33482.0,3.0,2.0,1584970.5,0808G1-0p15M-AlOH3-3M-NaOH-D2O/27Al-concentrated-Gibbsite-2730Hz-140C-128ct.ft
323,33485.0,4.0,0.0,515050.0,0808G1-0p15M-AlOH3-3M-NaOH-D2O/27Al-concentrated-Gibbsite-2730Hz-140C-128ct.ft
324,33489.0,5.0,1.0,1037729.0,0808G1-0p15M-AlOH3-3M-NaOH-D2O/27Al-concentrated-Gibbsite-2730Hz-140C-128ct.ft
325,33279.0,1.0,0.0,518551.0,0808G1-0p15M-AlOH3-3M-NaOH-D2O/27Al-concentrated-Gibbsite-2730Hz-140C-128ctF.ft
326,33361.0,2.0,9.391161016315266,3359571456.0,0808G1-0p15M-AlOH3-3M-NaOH-D2O/27Al-concentrated-Gibbsite-2730Hz-140C-128ctF.ft
327,33482.0,3.0,2.0,1584970.5,0808G1-0p15M-AlOH3-3M-NaOH-D2O/27Al-concentrated-Gibbsite-2730Hz-140C-128ctF.ft
328,33485.0,4.0,0.0,515050.0,0808G1-0p15M-AlOH3-3M-NaOH-D2O/27Al-concentrated-Gibbsite-2730Hz-140C-128ctF.ft
329,33489.0,5.0,1.0,1037729.0,0808G1-0p15M-AlOH3-3M-NaOH-D2O/27Al-concentrated-Gibbsite-2730Hz-140C-128ctF.ft
330,33279.0,1.0,0.0,518551.0,0808G1-0p15M-AlOH3-3M-NaOH-D2O/27Al-concentrated-Gibbsite-2735Hz-130C-128ct.ft
331,33361.0,2.0,9.391161016315266,3359571456.0,0808G1-0p15M-AlOH3-3M-NaOH-D2O/27Al-concentrated-Gibbsite-2735Hz-130C-128ct.ft
332,33482.0,3.0,2.0,1584970.5,0808G1-0p15M-AlOH3-3M-NaOH-D2O/27Al-concentrated-Gibbsite-2735Hz-130C-128ct.ft
333,33485.0,4.0,0.0,515050.0,0808G1-0p15M-AlOH3-3M-NaOH-D2O/27Al-concentrated-Gibbsite-2735Hz-130C-128ct.ft
334,33489.0,5.0,1.0,1037729.0,0808G1-0p15M-AlOH3-3M-NaOH-D2O/27Al-concentrated-Gibbsite-2735Hz-130C-128ct.ft
335,33279.0,1.0,0.0,518551.0,0808G1-0p15M-AlOH3-3M-NaOH-D2O/27Al-concentrated-Gibbsite-2735Hz-130C-128ctF.ft
336,33361.0,2.0,9.391161016315266,3359571456.0,0808G1-0p15M-AlOH3-3M-NaOH-D2O/27Al-concentrated-Gibbsite-2735Hz-130C-128ctF.ft
337,33482.0,3.0,2.0,1584970.5,0808G1-0p15M-AlOH3-3M-NaOH-D2O/27Al-concentrated-Gibbsite-2735Hz-130C-128ctF.ft
338,33485.0,4.0,0.0,515050.0,0808G1-0p15M-AlOH3-3M-NaOH-D2O/27Al-concentrated-Gibbsite-2735Hz-130C-128ctF.ft
339,33489.0,5.0,1.0,1037729.0,0808G1-0p15M-AlOH3-3M-NaOH-D2O/27Al-concentrated-Gibbsite-2735Hz-130C-128ctF.ft
340,33279.0,1.0,0.0,518551.0,0808G1-0p15M-AlOH3-3M-NaOH-D2O/27Al-concentrated-Gibbsite-2744Hz-110C-128ct.ft
341,33361.0,2.0,9.391161016315266,3359571456.0,0808G1-0p15M-AlOH3-3M-NaOH-D2O/27Al-concentrated-Gibbsite-2744Hz-110C-128ct.ft
342,33482.0,3.0,2.0,1584970.5,0808G1-0p15M-AlOH3-3M-NaOH-D2O/27Al-concentrated-Gibbsite-2744Hz-110C-128ct.ft
343,33485.0,4.0,0.0,515050.0,0808G1-0p15M-AlOH3-3M-NaOH-D2O/27Al-concentrated-Gibbsite-2744Hz-110C-128ct.ft
344,33489.0,5.0,1.0,1037729.0,0808G1-0p15M-AlOH3-3M-NaOH-D2O/27Al-concentrated-Gibbsite-2744Hz-110C-128ct.ft
345,33279.0,1.0,0.0,518551.0,0808G1-0p15M-AlOH3-3M-NaOH-D2O/27Al-concentrated-Gibbsite-2744Hz-110C-128ctF.ft
346,33361.0,2.0,9.391161016315266,3359571456.0,0808G1-0p15M-AlOH3-3M-NaOH-D2O/27Al-concentrated-Gibbsite-2744Hz-110C-128ctF.ft
347,33482.0,3.0,2.0,1584970.5,0808G1-0p15M-AlOH3-3M-NaOH-D2O/27Al-concentrated-Gibbsite-2744Hz-110C-128ctF.ft
348,33485.0,4.0,0.0,515050.0,0808G1-0p15M-AlOH3-3M-NaOH-D2O/27Al-concentrated-Gibbsite-2744Hz-110C-128ctF.ft
349,33489.0,5.0,1.0,1037729.0,0808G1-0p15M-AlOH3-3M-NaOH-D2O/27Al-concentrated-Gibbsite-2744Hz-110C-128ctF.ft
350,33279.0,1.0,0.0,518551.0,0808G1-0p15M-AlOH3-3M-NaOH-D2O/27Al-concentrated-Gibbsite-2755Hz-90C-128ct.ft
351,33361.0,2.0,9.391161016315266,3359571456.0,0808G1-0p15M-AlOH3-3M-NaOH-D2O/27Al-concentrated-Gibbsite-2755Hz-90C-128ct.ft
352,33482.0,3.0,2.0,1584970.5,0808G1-0p15M-AlOH3-3M-NaOH-D2O/27Al-concentrated-Gibbsite-2755Hz-90C-128ct.ft
353,33485.0,4.0,0.0,515050.0,0808G1-0p15M-AlOH3-3M-NaOH-D2O/27Al-concentrated-Gibbsite-2755Hz-90C-128ct.ft
354,33489.0,5.0,1.0,1037729.0,0808G1-0p15M-AlOH3-3M-NaOH-D2O/27Al-concentrated-Gibbsite-2755Hz-90C-128ct.ft
355,33279.0,1.0,0.0,518551.0,0808G1-0p15M-AlOH3-3M-NaOH-D2O/27Al-concentrated-Gibbsite-2755Hz-90C-128ctF.ft
356,33361.0,2.0,9.391161016315266,3359571456.0,0808G1-0p15M-AlOH3-3M-NaOH-D2O/27Al-concentrated-Gibbsite-2755Hz-90C-128ctF.ft
357,33482.0,3.0,2.0,1584970.5,0808G1-0p15M-AlOH3-3M-NaOH-D2O/27Al-concentrated-Gibbsite-2755Hz-90C-128ctF.ft
358,33485.0,4.0,0.0,515050.0,0808G1-0p15M-AlOH3-3M-NaOH-D2O/27Al-concentrated-Gibbsite-2755Hz-90C-128ctF.ft
359,33489.0,5.0,1.0,1037729.0,0808G1-0p15M-AlOH3-3M-NaOH-D2O/27Al-concentrated-Gibbsite-2755Hz-90C-128ctF.ft
360,33279.0,1.0,0.0,518551.0,0808G1-0p15M-AlOH3-3M-NaOH-D2O/27Al-concentrated-Gibbsite-2770Hz-70C-128ct.ft
361,33361.0,2.0,9.391161016315266,3359571456.0,0808G1-0p15M-AlOH3-3M-NaOH-D2O/27Al-concentrated-Gibbsite-2770Hz-70C-128ct.ft
362,33482.0,3.0,2.0,1584970.5,0808G1-0p15M-AlOH3-3M-NaOH-D2O/27Al-concentrated-Gibbsite-2770Hz-70C-128ct.ft
363,33485.0,4.0,0.0,515050.0,0808G1-0p15M-AlOH3-3M-NaOH-D2O/27Al-concentrated-Gibbsite-2770Hz-70C-128ct.ft
364,33489.0,5.0,1.0,1037729.0,0808G1-0p15M-AlOH3-3M-NaOH-D2O/27Al-concentrated-Gibbsite-2770Hz-70C-128ct.ft
365,33279.0,1.0,0.0,518551.0,0808G1-0p15M-AlOH3-3M-NaOH-D2O/27Al-concentrated-Gibbsite-2770Hz-70C-128ctF.ft
366,33361.0,2.0,9.391161016315266,3359571456.0,0808G1-0p15M-AlOH3-3M-NaOH-D2O/27Al-concentrated-Gibbsite-2770Hz-70C-128ctF.ft
367,33482.0,3.0,2.0,1584970.5,0808G1-0p15M-AlOH3-3M-NaOH-D2O/27Al-concentrated-Gibbsite-2770Hz-70C-128ctF.ft
368,33485.0,4.0,0.0,515050.0,0808G1-0p15M-AlOH3-3M-NaOH-D2O/27Al-concentrated-Gibbsite-2770Hz-70C-128ctF.ft
369,33489.0,5.0,1.0,1037729.0,0808G1-0p15M-AlOH3-3M-NaOH-D2O/27Al-concentrated-Gibbsite-2770Hz-70C-128ctF.ft
370,33279.0,1.0,0.0,518551.0,0808G1-0p15M-AlOH3-3M-NaOH-D2O/27Al-concentrated-Gibbsite-2782Hz-50C-128ct.ft
371,33361.0,2.0,9.391161016315266,3359571456.0,0808G1-0p15M-AlOH3-3M-NaOH-D2O/27Al-concentrated-Gibbsite-2782Hz-50C-128ct.ft
372,33482.0,3.0,2.0,1584970.5,0808G1-0p15M-AlOH3-3M-NaOH-D2O/27Al-concentrated-Gibbsite-2782Hz-50C-128ct.ft
373,33485.0,4.0,0.0,515050.0,0808G1-0p15M-AlOH3-3M-NaOH-D2O/27Al-concentrated-Gibbsite-2782Hz-50C-128ct.ft
374,33489.0,5.0,1.0,1037729.0,0808G1-0p15M-AlOH3-3M-NaOH-D2O/27Al-concentrated-Gibbsite-2782Hz-50C-128ct.ft
375,33279.0,1.0,0.0,518551.0,0808G1-0p15M-AlOH3-3M-NaOH-D2O/27Al-concentrated-Gibbsite-2782Hz-50C-128ctF.ft
376,33361.0,2.0,9.391161016315266,3359571456.0,0808G1-0p15M-AlOH3-3M-NaOH-D2O/27Al-concentrated-Gibbsite-2782Hz-50C-128ctF.ft
377,33482.0,3.0,2.0,1584970.5,0808G1-0p15M-AlOH3-3M-NaOH-D2O/27Al-concentrated-Gibbsite-2782Hz-50C-128ctF.ft
378,33485.0,4.0,0.0,515050.0,0808G1-0p15M-AlOH3-3M-NaOH-D2O/27Al-concentrated-Gibbsite-2782Hz-50C-128ctF.ft
379,33489.0,5.0,1.0,1037729.0,0808G1-0p15M-AlOH3-3M-NaOH-D2O/27Al-concentrated-Gibbsite-2782Hz-50C-128ctF.ft
380,33279.0,1.0,0.0,518551.0,0808G1-0p15M-AlOH3-3M-NaOH-D2O/27Al-concentrated-Gibbsite-2795Hz-25C-128ct.ft
381,33361.0,2.0,9.391161016315266,3359571456.0,0808G1-0p15M-AlOH3-3M-NaOH-D2O/27Al-concentrated-Gibbsite-2795Hz-25C-128ct.ft
382,33482.0,3.0,2.0,1584970.5,0808G1-0p15M-AlOH3-3M-NaOH-D2O/27Al-concentrated-Gibbsite-2795Hz-25C-128ct.ft
383,33485.0,4.0,0.0,515050.0,0808G1-0p15M-AlOH3-3M-NaOH-D2O/27Al-concentrated-Gibbsite-2795Hz-25C-128ct.ft
384,33489.0,5.0,1.0,1037729.0,0808G1-0p15M-AlOH3-3M-NaOH-D2O/27Al-concentrated-Gibbsite-2795Hz-25C-128ct.ft
385,33279.0,1.0,0.0,518551.0,0808G1-0p15M-AlOH3-3M-NaOH-D2O/27Al-concentrated-Gibbsite-2795Hz-25C-128ctF.ft
386,33361.0,2.0,9.391161016315266,3359571456.0,0808G1-0p15M-AlOH3-3M-NaOH-D2O/27Al-concentrated-Gibbsite-2795Hz-25C-128ctF.ft
387,33482.0,3.0,2.0,1584970.5,0808G1-0p15M-AlOH3-3M-NaOH-D2O/27Al-concentrated-Gibbsite-2795Hz-25C-128ctF.ft
388,33485.0,4.0,0.0,515050.0,0808G1-0p15M-AlOH3-3M-NaOH-D2O/27Al-concentrated-Gibbsite-2795Hz-25C-128ctF.ft
389,33489.0,5.0,1.0,1037729.0,0808G1-0p15M-AlOH3-3M-NaOH-D2O/27Al-concentrated-Gibbsite-2795Hz-25C-128ctF.ft
390,33279.0,1.0,0.0,518551.0,0808G1-0p5M-AlOH3-3M-NaOH-D2O/23Na-2631Hz-132C-8th-32ct.ft
391,33361.0,2.0,9.391161016315266,3359571456.0,0808G1-0p5M-AlOH3-3M-NaOH-D2O/23Na-2631Hz-132C-8th-32ct.ft
392,33482.0,3.0,2.0,1584970.5,0808G1-0p5M-AlOH3-3M-NaOH-D2O/23Na-2631Hz-132C-8th-32ct.ft
393,33485.0,4.0,0.0,515050.0,0808G1-0p5M-AlOH3-3M-NaOH-D2O/23Na-2631Hz-132C-8th-32ct.ft
394,33489.0,5.0,1.0,1037729.0,0808G1-0p5M-AlOH3-3M-NaOH-D2O/23Na-2631Hz-132C-8th-32ct.ft
395,33279.0,1.0,0.0,518551.0,0808G1-0p5M-AlOH3-3M-NaOH-D2O/23Na-2631Hz-132C-8th-32ctF.ft
396,33361.0,2.0,9.391161016315266,3359571456.0,0808G1-0p5M-AlOH3-3M-NaOH-D2O/23Na-2631Hz-132C-8th-32ctF.ft
397,33482.0,3.0,2.0,1584970.5,0808G1-0p5M-AlOH3-3M-NaOH-D2O/23Na-2631Hz-132C-8th-32ctF.ft
398,33485.0,4.0,0.0,515050.0,0808G1-0p5M-AlOH3-3M-NaOH-D2O/23Na-2631Hz-132C-8th-32ctF.ft
399,33489.0,5.0,1.0,1037729.0,0808G1-0p5M-AlOH3-3M-NaOH-D2O/23Na-2631Hz-132C-8th-32ctF.ft
400,33279.0,1.0,0.0,518551.0,0808G1-0p5M-AlOH3-3M-NaOH-D2O/23Na-2713Hz-25C-3rd-32ct.ft
401,33361.0,2.0,9.391161016315266,3359571456.0,0808G1-0p5M-AlOH3-3M-NaOH-D2O/23Na-2713Hz-25C-3rd-32ct.ft
402,33482.0,3.0,2.0,1584970.5,0808G1-0p5M-AlOH3-3M-NaOH-D2O/23Na-2713Hz-25C-3rd-32ct.ft
403,33485.0,4.0,0.0,515050.0,0808G1-0p5M-AlOH3-3M-NaOH-D2O/23Na-2713Hz-25C-3rd-32ct.ft
404,33489.0,5.0,1.0,1037729.0,0808G1-0p5M-AlOH3-3M-NaOH-D2O/23Na-2713Hz-25C-3rd-32ct.ft
405,33279.0,1.0,0.0,518551.0,0808G1-0p5M-AlOH3-3M-NaOH-D2O/23Na-2713Hz-25C-3rd-32ctF.ft
406,33361.0,2.0,9.391161016315266,3359571456.0,0808G1-0p5M-AlOH3-3M-NaOH-D2O/23Na-2713Hz-25C-3rd-32ctF.ft
407,33482.0,3.0,2.0,1584970.5,0808G1-0p5M-AlOH3-3M-NaOH-D2O/23Na-2713Hz-25C-3rd-32ctF.ft
408,33485.0,4.0,0.0,515050.0,0808G1-0p5M-AlOH3-3M-NaOH-D2O/23Na-2713Hz-25C-3rd-32ctF.ft
409,33489.0,5.0,1.0,1037729.0,0808G1-0p5M-AlOH3-3M-NaOH-D2O/23Na-2713Hz-25C-3rd-32ctF.ft
410,33279.0,1.0,0.0,518551.0,0808G1-0p5M-AlOH3-3M-NaOH-D2O/23Na-2745Hz-25C-8th-32ct.ft
411,33361.0,2.0,9.391161016315266,3359571456.0,0808G1-0p5M-AlOH3-3M-NaOH-D2O/23Na-2745Hz-25C-8th-32ct.ft
412,33482.0,3.0,2.0,1584970.5,0808G1-0p5M-AlOH3-3M-NaOH-D2O/23Na-2745Hz-25C-8th-32ct.ft
413,33485.0,4.0,0.0,515050.0,0808G1-0p5M-AlOH3-3M-NaOH-D2O/23Na-2745Hz-25C-8th-32ct.ft
414,33489.0,5.0,1.0,1037729.0,0808G1-0p5M-AlOH3-3M-NaOH-D2O/23Na-2745Hz-25C-8th-32ct.ft
415,33279.0,1.0,0.0,518551.0,0808G1-0p5M-AlOH3-3M-NaOH-D2O/23Na-2745Hz-25C-8th-32ctF.ft
416,33361.0,2.0,9.391161016315266,3359571456.0,0808G1-0p5M-AlOH3-3M-NaOH-D2O/23Na-2745Hz-25C-8th-32ctF.ft
417,33482.0,3.0,2.0,1584970.5,0808G1-0p5M-AlOH3-3M-NaOH-D2O/23Na-2745Hz-25C-8th-32ctF.ft
418,33485.0,4.0,0.0,515050.0,0808G1-0p5M-AlOH3-3M-NaOH-D2O/23Na-2745Hz-25C-8th-32ctF.ft
419,33489.0,5.0,1.0,1037729.0,0808G1-0p5M-AlOH3-3M-NaOH-D2O/23Na-2745Hz-25C-8th-32ctF.ft
420,33279.0,1.0,0.0,518551.0,0808G1-0p5M-AlOH3-3M-NaOH-D2O/27Al-2631Hz-132C-7th-3000ct.ft
421,33361.0,2.0,9.391161016315266,3359571456.0,0808G1-0p5M-AlOH3-3M-NaOH-D2O/27Al-2631Hz-132C-7th-3000ct.ft
422,33482.0,3.0,2.0,1584970.5,0808G1-0p5M-AlOH3-3M-NaOH-D2O/27Al-2631Hz-132C-7th-3000ct.ft
423,33485.0,4.0,0.0,515050.0,0808G1-0p5M-AlOH3-3M-NaOH-D2O/27Al-2631Hz-132C-7th-3000ct.ft
424,33489.0,5.0,1.0,1037729.0,0808G1-0p5M-AlOH3-3M-NaOH-D2O/27Al-2631Hz-132C-7th-3000ct.ft
425,33279.0,1.0,0.0,518551.0,0808G1-0p5M-AlOH3-3M-NaOH-D2O/27Al-2631Hz-132C-7th-3000ctF.ft
426,33361.0,2.0,9.391161016315266,3359571456.0,0808G1-0p5M-AlOH3-3M-NaOH-D2O/27Al-2631Hz-132C-7th-3000ctF.ft
427,33482.0,3.0,2.0,1584970.5,0808G1-0p5M-AlOH3-3M-NaOH-D2O/27Al-2631Hz-132C-7th-3000ctF.ft
428,33485.0,4.0,0.0,515050.0,0808G1-0p5M-AlOH3-3M-NaOH-D2O/27Al-2631Hz-132C-7th-3000ctF.ft
429,33489.0,5.0,1.0,1037729.0,0808G1-0p5M-AlOH3-3M-NaOH-D2O/27Al-2631Hz-132C-7th-3000ctF.ft
430,33279.0,1.0,0.0,518551.0,0808G1-0p5M-AlOH3-3M-NaOH-D2O/27Al-2713Hz-25C-3rd-128ct.ft
431,33361.0,2.0,9.391161016315266,3359571456.0,0808G1-0p5M-AlOH3-3M-NaOH-D2O/27Al-2713Hz-25C-3rd-128ct.ft
432,33482.0,3.0,2.0,1584970.5,0808G1-0p5M-AlOH3-3M-NaOH-D2O/27Al-2713Hz-25C-3rd-128ct.ft
433,33485.0,4.0,0.0,515050.0,0808G1-0p5M-AlOH3-3M-NaOH-D2O/27Al-2713Hz-25C-3rd-128ct.ft
434,33489.0,5.0,1.0,1037729.0,0808G1-0p5M-AlOH3-3M-NaOH-D2O/27Al-2713Hz-25C-3rd-128ct.ft
435,33279.0,1.0,0.0,518551.0,0808G1-0p5M-AlOH3-3M-NaOH-D2O/27Al-2713Hz-25C-3rd-128ctF.ft
436,33361.0,2.0,9.391161016315266,3359571456.0,0808G1-0p5M-AlOH3-3M-NaOH-D2O/27Al-2713Hz-25C-3rd-128ctF.ft
437,33482.0,3.0,2.0,1584970.5,0808G1-0p5M-AlOH3-3M-NaOH-D2O/27Al-2713Hz-25C-3rd-128ctF.ft
438,33485.0,4.0,0.0,515050.0,0808G1-0p5M-AlOH3-3M-NaOH-D2O/27Al-2713Hz-25C-3rd-128ctF.ft
439,33489.0,5.0,1.0,1037729.0,0808G1-0p5M-AlOH3-3M-NaOH-D2O/27Al-2713Hz-25C-3rd-128ctF.ft
440,33279.0,1.0,0.0,518551.0,0808G1-0p5M-AlOH3-3M-NaOH-D2O/27Al-2713Hz-25C-4th-128ct.ft
441,33361.0,2.0,9.391161016315266,3359571456.0,0808G1-0p5M-AlOH3-3M-NaOH-D2O/27Al-2713Hz-25C-4th-128ct.ft
442,33482.0,3.0,2.0,1584970.5,0808G1-0p5M-AlOH3-3M-NaOH-D2O/27Al-2713Hz-25C-4th-128ct.ft
443,33485.0,4.0,0.0,515050.0,0808G1-0p5M-AlOH3-3M-NaOH-D2O/27Al-2713Hz-25C-4th-128ct.ft
444,33489.0,5.0,1.0,1037729.0,0808G1-0p5M-AlOH3-3M-NaOH-D2O/27Al-2713Hz-25C-4th-128ct.ft
445,33279.0,1.0,0.0,518551.0,0808G1-0p5M-AlOH3-3M-NaOH-D2O/27Al-2713Hz-25C-4th-128ctF.ft
446,33361.0,2.0,9.391161016315266,3359571456.0,0808G1-0p5M-AlOH3-3M-NaOH-D2O/27Al-2713Hz-25C-4th-128ctF.ft
447,33482.0,3.0,2.0,1584970.5,0808G1-0p5M-AlOH3-3M-NaOH-D2O/27Al-2713Hz-25C-4th-128ctF.ft
448,33485.0,4.0,0.0,515050.0,0808G1-0p5M-AlOH3-3M-NaOH-D2O/27Al-2713Hz-25C-4th-128ctF.ft
449,33489.0,5.0,1.0,1037729.0,0808G1-0p5M-AlOH3-3M-NaOH-D2O/27Al-2713Hz-25C-4th-128ctF.ft
450,33279.0,1.0,0.0,518551.0,0808G1-0p5M-AlOH3-3M-NaOH-D2O/27Al-2745Hz-25C-11th-1448ctF.ft
451,33361.0,2.0,9.391161016315266,3359571456.0,0808G1-0p5M-AlOH3-3M-NaOH-D2O/27Al-2745Hz-25C-11th-1448ctF.ft
452,33482.0,3.0,2.0,1584970.5,0808G1-0p5M-AlOH3-3M-NaOH-D2O/27Al-2745Hz-25C-11th-1448ctF.ft
453,33485.0,4.0,0.0,515050.0,0808G1-0p5M-AlOH3-3M-NaOH-D2O/27Al-2745Hz-25C-11th-1448ctF.ft
454,33489.0,5.0,1.0,1037729.0,0808G1-0p5M-AlOH3-3M-NaOH-D2O/27Al-2745Hz-25C-11th-1448ctF.ft
455,33279.0,1.0,0.0,518551.0,0808G1-0p5M-AlOH3-3M-NaOH-D2O/27Al-2745Hz-25C-11th-3700ct.ft
456,33361.0,2.0,9.391161016315266,3359571456.0,0808G1-0p5M-AlOH3-3M-NaOH-D2O/27Al-2745Hz-25C-11th-3700ct.ft
457,33482.0,3.0,2.0,1584970.5,0808G1-0p5M-AlOH3-3M-NaOH-D2O/27Al-2745Hz-25C-11th-3700ct.ft
458,33485.0,4.0,0.0,515050.0,0808G1-0p5M-AlOH3-3M-NaOH-D2O/27Al-2745Hz-25C-11th-3700ct.ft
459,33489.0,5.0,1.0,1037729.0,0808G1-0p5M-AlOH3-3M-NaOH-D2O/27Al-2745Hz-25C-11th-3700ct.ft
460,33279.0,1.0,0.0,518551.0,0808G1-0p5M-AlOH3-3M-NaOH-D2O/27Al-2745Hz-25C-11th-3700ctF.ft
461,33361.0,2.0,9.391161016315266,3359571456.0,0808G1-0p5M-AlOH3-3M-NaOH-D2O/27Al-2745Hz-25C-11th-3700ctF.ft
462,33482.0,3.0,2.0,1584970.5,0808G1-0p5M-AlOH3-3M-NaOH-D2O/27Al-2745Hz-25C-11th-3700ctF.ft
463,33485.0,4.0,0.0,515050.0,0808G1-0p5M-AlOH3-3M-NaOH-D2O/27Al-2745Hz-25C-11th-3700ctF.ft
464,33489.0,5.0,1.0,1037729.0,0808G1-0p5M-AlOH3-3M-NaOH-D2O/27Al-2745Hz-25C-11th-3700ctF.ft
465,33279.0,1.0,0.0,518551.0,0808G1-0p5M-AlOH3-3M-NaOH-D2O/27Al-3513Hz-25C-13th-2500ct.ft
466,33361.0,2.0,9.391161016315266,3359571456.0,0808G1-0p5M-AlOH3-3M-NaOH-D2O/27Al-3513Hz-25C-13th-2500ct.ft
467,33482.0,3.0,2.0,1584970.5,0808G1-0p5M-AlOH3-3M-NaOH-D2O/27Al-3513Hz-25C-13th-2500ct.ft
468,33485.0,4.0,0.0,515050.0,0808G1-0p5M-AlOH3-3M-NaOH-D2O/27Al-3513Hz-25C-13th-2500ct.ft
469,33489.0,5.0,1.0,1037729.0,0808G1-0p5M-AlOH3-3M-NaOH-D2O/27Al-3513Hz-25C-13th-2500ct.ft
470,33279.0,1.0,0.0,518551.0,0808G1-0p5M-AlOH3-3M-NaOH-D2O/27Al-3513Hz-25C-13th-2500ctF.ft
471,33361.0,2.0,9.391161016315266,3359571456.0,0808G1-0p5M-AlOH3-3M-NaOH-D2O/27Al-3513Hz-25C-13th-2500ctF.ft
472,33482.0,3.0,2.0,1584970.5,0808G1-0p5M-AlOH3-3M-NaOH-D2O/27Al-3513Hz-25C-13th-2500ctF.ft
473,33485.0,4.0,0.0,515050.0,0808G1-0p5M-AlOH3-3M-NaOH-D2O/27Al-3513Hz-25C-13th-2500ctF.ft
474,33489.0,5.0,1.0,1037729.0,0808G1-0p5M-AlOH3-3M-NaOH-D2O/27Al-3513Hz-25C-13th-2500ctF.ft
475,33279.0,1.0,0.0,518551.0,0808G1-0p5M-AlOH3-3M-NaOH-D2O/27Al-4010Hz-25C-12th-3024ct.ft
476,33361.0,2.0,9.391161016315266,3359571456.0,0808G1-0p5M-AlOH3-3M-NaOH-D2O/27Al-4010Hz-25C-12th-3024ct.ft
477,33482.0,3.0,2.0,1584970.5,0808G1-0p5M-AlOH3-3M-NaOH-D2O/27Al-4010Hz-25C-12th-3024ct.ft
478,33485.0,4.0,0.0,515050.0,0808G1-0p5M-AlOH3-3M-NaOH-D2O/27Al-4010Hz-25C-12th-3024ct.ft
479,33489.0,5.0,1.0,1037729.0,0808G1-0p5M-AlOH3-3M-NaOH-D2O/27Al-4010Hz-25C-12th-3024ct.ft
480,33279.0,1.0,0.0,518551.0,0808G1-0p5M-AlOH3-3M-NaOH-D2O/27Al-4010Hz-25C-12th-3024ctF.ft
481,33361.0,2.0,9.391161016315266,3359571456.0,0808G1-0p5M-AlOH3-3M-NaOH-D2O/27Al-4010Hz-25C-12th-3024ctF.ft
482,33482.0,3.0,2.0,1584970.5,0808G1-0p5M-AlOH3-3M-NaOH-D2O/27Al-4010Hz-25C-12th-3024ctF.ft
483,33485.0,4.0,0.0,515050.0,0808G1-0p5M-AlOH3-3M-NaOH-D2O/27Al-4010Hz-25C-12th-3024ctF.ft
484,33489.0,5.0,1.0,1037729.0,0808G1-0p5M-AlOH3-3M-NaOH-D2O/27Al-4010Hz-25C-12th-3024ctF.ft
485,33279.0,1.0,0.0,518551.0,0808G1-1M-AlOH3-3M-NaOH-D2O/23Na-1st-2728Hz-25C-32ct.ft
486,33361.0,2.0,9.391161016315266,3359571456.0,0808G1-1M-AlOH3-3M-NaOH-D2O/23Na-1st-2728Hz-25C-32ct.ft
487,33482.0,3.0,2.0,1584970.5,0808G1-1M-AlOH3-3M-NaOH-D2O/23Na-1st-2728Hz-25C-32ct.ft
488,33485.0,4.0,0.0,515050.0,0808G1-1M-AlOH3-3M-NaOH-D2O/23Na-1st-2728Hz-25C-32ct.ft
489,33489.0,5.0,1.0,1037729.0,0808G1-1M-AlOH3-3M-NaOH-D2O/23Na-1st-2728Hz-25C-32ct.ft
490,33279.0,1.0,0.0,518551.0,0808G1-1M-AlOH3-3M-NaOH-D2O/23Na-1st-2728Hz-25C-32ctF.ft
491,33361.0,2.0,9.391161016315266,3359571456.0,0808G1-1M-AlOH3-3M-NaOH-D2O/23Na-1st-2728Hz-25C-32ctF.ft
492,33482.0,3.0,2.0,1584970.5,0808G1-1M-AlOH3-3M-NaOH-D2O/23Na-1st-2728Hz-25C-32ctF.ft
493,33485.0,4.0,0.0,515050.0,0808G1-1M-AlOH3-3M-NaOH-D2O/23Na-1st-2728Hz-25C-32ctF.ft
494,33489.0,5.0,1.0,1037729.0,0808G1-1M-AlOH3-3M-NaOH-D2O/23Na-1st-2728Hz-25C-32ctF.ft
495,33279.0,1.0,0.0,518551.0,0808G1-1M-AlOH3-3M-NaOH-D2O/23Na-3rd-2728Hz-25C-32ct.ft
496,33361.0,2.0,9.391161016315266,3359571456.0,0808G1-1M-AlOH3-3M-NaOH-D2O/23Na-3rd-2728Hz-25C-32ct.ft
497,33482.0,3.0,2.0,1584970.5,0808G1-1M-AlOH3-3M-NaOH-D2O/23Na-3rd-2728Hz-25C-32ct.ft
498,33485.0,4.0,0.0,515050.0,0808G1-1M-AlOH3-3M-NaOH-D2O/23Na-3rd-2728Hz-25C-32ct.ft
499,33489.0,5.0,1.0,1037729.0,0808G1-1M-AlOH3-3M-NaOH-D2O/23Na-3rd-2728Hz-25C-32ct.ft
500,33279.0,1.0,0.0,518551.0,0808G1-1M-AlOH3-3M-NaOH-D2O/23Na-3rd-2728Hz-25C-32ctF.ft
501,33361.0,2.0,9.391161016315266,3359571456.0,0808G1-1M-AlOH3-3M-NaOH-D2O/23Na-3rd-2728Hz-25C-32ctF.ft
502,33482.0,3.0,2.0,1584970.5,0808G1-1M-AlOH3-3M-NaOH-D2O/23Na-3rd-2728Hz-25C-32ctF.ft
503,33485.0,4.0,0.0,515050.0,0808G1-1M-AlOH3-3M-NaOH-D2O/23Na-3rd-2728Hz-25C-32ctF.ft
504,33489.0,5.0,1.0,1037729.0,0808G1-1M-AlOH3-3M-NaOH-D2O/23Na-3rd-2728Hz-25C-32ctF.ft
505,33279.0,1.0,0.0,518551.0,0808G1-1M-AlOH3-3M-NaOH-D2O/23Na-6th-2648Hz-132C-32ct.ft
506,33361.0,2.0,9.391161016315266,3359571456.0,0808G1-1M-AlOH3-3M-NaOH-D2O/23Na-6th-2648Hz-132C-32ct.ft
507,33482.0,3.0,2.0,1584970.5,0808G1-1M-AlOH3-3M-NaOH-D2O/23Na-6th-2648Hz-132C-32ct.ft
508,33485.0,4.0,0.0,515050.0,0808G1-1M-AlOH3-3M-NaOH-D2O/23Na-6th-2648Hz-132C-32ct.ft
509,33489.0,5.0,1.0,1037729.0,0808G1-1M-AlOH3-3M-NaOH-D2O/23Na-6th-2648Hz-132C-32ct.ft
510,33279.0,1.0,0.0,518551.0,0808G1-1M-AlOH3-3M-NaOH-D2O/23Na-6th-2648Hz-132C-32ctF.ft
511,33361.0,2.0,9.391161016315266,3359571456.0,0808G1-1M-AlOH3-3M-NaOH-D2O/23Na-6th-2648Hz-132C-32ctF.ft
512,33482.0,3.0,2.0,1584970.5,0808G1-1M-AlOH3-3M-NaOH-D2O/23Na-6th-2648Hz-132C-32ctF.ft
513,33485.0,4.0,0.0,515050.0,0808G1-1M-AlOH3-3M-NaOH-D2O/23Na-6th-2648Hz-132C-32ctF.ft
514,33489.0,5.0,1.0,1037729.0,0808G1-1M-AlOH3-3M-NaOH-D2O/23Na-6th-2648Hz-132C-32ctF.ft
515,33279.0,1.0,0.0,518551.0,0808G1-1M-AlOH3-3M-NaOH-D2O/23Na-8th-2750Hz-25C-32ct.ft
516,33361.0,2.0,9.391161016315266,3359571456.0,0808G1-1M-AlOH3-3M-NaOH-D2O/23Na-8th-2750Hz-25C-32ct.ft
517,33482.0,3.0,2.0,1584970.5,0808G1-1M-AlOH3-3M-NaOH-D2O/23Na-8th-2750Hz-25C-32ct.ft
518,33485.0,4.0,0.0,515050.0,0808G1-1M-AlOH3-3M-NaOH-D2O/23Na-8th-2750Hz-25C-32ct.ft
519,33489.0,5.0,1.0,1037729.0,0808G1-1M-AlOH3-3M-NaOH-D2O/23Na-8th-2750Hz-25C-32ct.ft
520,33279.0,1.0,0.0,518551.0,0808G1-1M-AlOH3-3M-NaOH-D2O/23Na-8th-2750Hz-25C-32ctF.ft
521,33361.0,2.0,9.391161016315266,3359571456.0,0808G1-1M-AlOH3-3M-NaOH-D2O/23Na-8th-2750Hz-25C-32ctF.ft
522,33482.0,3.0,2.0,1584970.5,0808G1-1M-AlOH3-3M-NaOH-D2O/23Na-8th-2750Hz-25C-32ctF.ft
523,33485.0,4.0,0.0,515050.0,0808G1-1M-AlOH3-3M-NaOH-D2O/23Na-8th-2750Hz-25C-32ctF.ft
524,33489.0,5.0,1.0,1037729.0,0808G1-1M-AlOH3-3M-NaOH-D2O/23Na-8th-2750Hz-25C-32ctF.ft
525,33279.0,1.0,0.0,518551.0,0808G1-1M-AlOH3-3M-NaOH-D2O/27Al-6th-2648Hz-132C-5000ct.ft
526,33361.0,2.0,9.391161016315266,3359571456.0,0808G1-1M-AlOH3-3M-NaOH-D2O/27Al-6th-2648Hz-132C-5000ct.ft
527,33482.0,3.0,2.0,1584970.5,0808G1-1M-AlOH3-3M-NaOH-D2O/27Al-6th-2648Hz-132C-5000ct.ft
528,33485.0,4.0,0.0,515050.0,0808G1-1M-AlOH3-3M-NaOH-D2O/27Al-6th-2648Hz-132C-5000ct.ft
529,33489.0,5.0,1.0,1037729.0,0808G1-1M-AlOH3-3M-NaOH-D2O/27Al-6th-2648Hz-132C-5000ct.ft
530,33279.0,1.0,0.0,518551.0,0808G1-1M-AlOH3-3M-NaOH-D2O/27Al-6th-2648Hz-132C-5000ctF.ft
531,33361.0,2.0,9.391161016315266,3359571456.0,0808G1-1M-AlOH3-3M-NaOH-D2O/27Al-6th-2648Hz-132C-5000ctF.ft
532,33482.0,3.0,2.0,1584970.5,0808G1-1M-AlOH3-3M-NaOH-D2O/27Al-6th-2648Hz-132C-5000ctF.ft
533,33485.0,4.0,0.0,515050.0,0808G1-1M-AlOH3-3M-NaOH-D2O/27Al-6th-2648Hz-132C-5000ctF.ft
534,33489.0,5.0,1.0,1037729.0,0808G1-1M-AlOH3-3M-NaOH-D2O/27Al-6th-2648Hz-132C-5000ctF.ft
535,33279.0,1.0,0.0,518551.0,0808G1-1M-AlOH3-3M-NaOH-D2O/27Al-7th-2750Hz-25C-3640ct.ft
536,33361.0,2.0,9.391161016315266,3359571456.0,0808G1-1M-AlOH3-3M-NaOH-D2O/27Al-7th-2750Hz-25C-3640ct.ft
537,33482.0,3.0,2.0,1584970.5,0808G1-1M-AlOH3-3M-NaOH-D2O/27Al-7th-2750Hz-25C-3640ct.ft
538,33485.0,4.0,0.0,515050.0,0808G1-1M-AlOH3-3M-NaOH-D2O/27Al-7th-2750Hz-25C-3640ct.ft
539,33489.0,5.0,1.0,1037729.0,0808G1-1M-AlOH3-3M-NaOH-D2O/27Al-7th-2750Hz-25C-3640ct.ft
540,33279.0,1.0,0.0,518551.0,0808G1-1M-AlOH3-3M-NaOH-D2O/27Al-7th-2750Hz-25C-3640ctF.ft
541,33361.0,2.0,9.391161016315266,3359571456.0,0808G1-1M-AlOH3-3M-NaOH-D2O/27Al-7th-2750Hz-25C-3640ctF.ft
542,33482.0,3.0,2.0,1584970.5,0808G1-1M-AlOH3-3M-NaOH-D2O/27Al-7th-2750Hz-25C-3640ctF.ft
543,33485.0,4.0,0.0,515050.0,0808G1-1M-AlOH3-3M-NaOH-D2O/27Al-7th-2750Hz-25C-3640ctF.ft
544,33489.0,5.0,1.0,1037729.0,0808G1-1M-AlOH3-3M-NaOH-D2O/27Al-7th-2750Hz-25C-3640ctF.ft
545,33279.0,1.0,0.0,518551.0,0819G1-0p1M-AlOH3-3M-LiOH-D2O/27Al-1st-2744Hz-25C-64ct.ft
546,33361.0,2.0,9.391161016315266,3359571456.0,0819G1-0p1M-AlOH3-3M-LiOH-D2O/27Al-1st-2744Hz-25C-64ct.ft
547,33482.0,3.0,2.0,1584970.5,0819G1-0p1M-AlOH3-3M-LiOH-D2O/27Al-1st-2744Hz-25C-64ct.ft
548,33485.0,4.0,0.0,515050.0,0819G1-0p1M-AlOH3-3M-LiOH-D2O/27Al-1st-2744Hz-25C-64ct.ft
549,33489.0,5.0,1.0,1037729.0,0819G1-0p1M-AlOH3-3M-LiOH-D2O/27Al-1st-2744Hz-25C-64ct.ft
550,33279.0,1.0,0.0,518551.0,0819G1-0p1M-AlOH3-3M-LiOH-D2O/27Al-1st-2744Hz-25C-64ctF.ft
551,33361.0,2.0,9.391161016315266,3359571456.0,0819G1-0p1M-AlOH3-3M-LiOH-D2O/27Al-1st-2744Hz-25C-64ctF.ft
552,33482.0,3.0,2.0,1584970.5,0819G1-0p1M-AlOH3-3M-LiOH-D2O/27Al-1st-2744Hz-25C-64ctF.ft
553,33485.0,4.0,0.0,515050.0,0819G1-0p1M-AlOH3-3M-LiOH-D2O/27Al-1st-2744Hz-25C-64ctF.ft
554,33489.0,5.0,1.0,1037729.0,0819G1-0p1M-AlOH3-3M-LiOH-D2O/27Al-1st-2744Hz-25C-64ctF.ft
555,33279.0,1.0,0.0,518551.0,0819G1-0p5M-AlOH3-3M-LiOH-D2O/27Al-1st-2730Hz-25C-128ct.ft
556,33361.0,2.0,9.391161016315266,3359571456.0,0819G1-0p5M-AlOH3-3M-LiOH-D2O/27Al-1st-2730Hz-25C-128ct.ft
557,33482.0,3.0,2.0,1584970.5,0819G1-0p5M-AlOH3-3M-LiOH-D2O/27Al-1st-2730Hz-25C-128ct.ft
558,33485.0,4.0,0.0,515050.0,0819G1-0p5M-AlOH3-3M-LiOH-D2O/27Al-1st-2730Hz-25C-128ct.ft
559,33489.0,5.0,1.0,1037729.0,0819G1-0p5M-AlOH3-3M-LiOH-D2O/27Al-1st-2730Hz-25C-128ct.ft
560,33279.0,1.0,0.0,518551.0,0819G1-0p5M-AlOH3-3M-LiOH-D2O/27Al-1st-2730Hz-25C-128ctF.ft
561,33361.0,2.0,9.391161016315266,3359571456.0,0819G1-0p5M-AlOH3-3M-LiOH-D2O/27Al-1st-2730Hz-25C-128ctF.ft
562,33482.0,3.0,2.0,1584970.5,0819G1-0p5M-AlOH3-3M-LiOH-D2O/27Al-1st-2730Hz-25C-128ctF.ft
563,33485.0,4.0,0.0,515050.0,0819G1-0p5M-AlOH3-3M-LiOH-D2O/27Al-1st-2730Hz-25C-128ctF.ft
564,33489.0,5.0,1.0,1037729.0,0819G1-0p5M-AlOH3-3M-LiOH-D2O/27Al-1st-2730Hz-25C-128ctF.ft
565,33279.0,1.0,0.0,518551.0,0819G1-1M-AlOH3-3M-NaOH-D2O/23Na-1st-2735Hz-25C-32ct.ft
566,33361.0,2.0,9.391161016315266,3359571456.0,0819G1-1M-AlOH3-3M-NaOH-D2O/23Na-1st-2735Hz-25C-32ct.ft
567,33482.0,3.0,2.0,1584970.5,0819G1-1M-AlOH3-3M-NaOH-D2O/23Na-1st-2735Hz-25C-32ct.ft
568,33485.0,4.0,0.0,515050.0,0819G1-1M-AlOH3-3M-NaOH-D2O/23Na-1st-2735Hz-25C-32ct.ft
569,33489.0,5.0,1.0,1037729.0,0819G1-1M-AlOH3-3M-NaOH-D2O/23Na-1st-2735Hz-25C-32ct.ft
570,33279.0,1.0,0.0,518551.0,0819G1-1M-AlOH3-3M-NaOH-D2O/23Na-1st-2735Hz-25C-32ctF.ft
571,33361.0,2.0,9.391161016315266,3359571456.0,0819G1-1M-AlOH3-3M-NaOH-D2O/23Na-1st-2735Hz-25C-32ctF.ft
572,33482.0,3.0,2.0,1584970.5,0819G1-1M-AlOH3-3M-NaOH-D2O/23Na-1st-2735Hz-25C-32ctF.ft
573,33485.0,4.0,0.0,515050.0,0819G1-1M-AlOH3-3M-NaOH-D2O/23Na-1st-2735Hz-25C-32ctF.ft
574,33489.0,5.0,1.0,1037729.0,0819G1-1M-AlOH3-3M-NaOH-D2O/23Na-1st-2735Hz-25C-32ctF.ft
575,33279.0,1.0,0.0,518551.0,0819G1-1M-AlOH3-3M-NaOH-D2O/23Na-6th-2680Hz-132C-32ct.ft
576,33361.0,2.0,9.391161016315266,3359571456.0,0819G1-1M-AlOH3-3M-NaOH-D2O/23Na-6th-2680Hz-132C-32ct.ft
577,33482.0,3.0,2.0,1584970.5,0819G1-1M-AlOH3-3M-NaOH-D2O/23Na-6th-2680Hz-132C-32ct.ft
578,33485.0,4.0,0.0,515050.0,0819G1-1M-AlOH3-3M-NaOH-D2O/23Na-6th-2680Hz-132C-32ct.ft
579,33489.0,5.0,1.0,1037729.0,0819G1-1M-AlOH3-3M-NaOH-D2O/23Na-6th-2680Hz-132C-32ct.ft
580,33279.0,1.0,0.0,518551.0,0819G1-1M-AlOH3-3M-NaOH-D2O/23Na-6th-2680Hz-132C-32ctF.ft
581,33361.0,2.0,9.391161016315266,3359571456.0,0819G1-1M-AlOH3-3M-NaOH-D2O/23Na-6th-2680Hz-132C-32ctF.ft
582,33482.0,3.0,2.0,1584970.5,0819G1-1M-AlOH3-3M-NaOH-D2O/23Na-6th-2680Hz-132C-32ctF.ft
583,33485.0,4.0,0.0,515050.0,0819G1-1M-AlOH3-3M-NaOH-D2O/23Na-6th-2680Hz-132C-32ctF.ft
584,33489.0,5.0,1.0,1037729.0,0819G1-1M-AlOH3-3M-NaOH-D2O/23Na-6th-2680Hz-132C-32ctF.ft
585,33279.0,1.0,0.0,518551.0,0819G1-1M-AlOH3-3M-NaOH-D2O/23Na-9th-4005Hz-25C-32ct.ft
586,33361.0,2.0,9.391161016315266,3359571456.0,0819G1-1M-AlOH3-3M-NaOH-D2O/23Na-9th-4005Hz-25C-32ct.ft
587,33482.0,3.0,2.0,1584970.5,0819G1-1M-AlOH3-3M-NaOH-D2O/23Na-9th-4005Hz-25C-32ct.ft
588,33485.0,4.0,0.0,515050.0,0819G1-1M-AlOH3-3M-NaOH-D2O/23Na-9th-4005Hz-25C-32ct.ft
589,33489.0,5.0,1.0,1037729.0,0819G1-1M-AlOH3-3M-NaOH-D2O/23Na-9th-4005Hz-25C-32ct.ft
590,33279.0,1.0,0.0,518551.0,0819G1-1M-AlOH3-3M-NaOH-D2O/23Na-9th-4005Hz-25C-32ctF.ft
591,33361.0,2.0,9.391161016315266,3359571456.0,0819G1-1M-AlOH3-3M-NaOH-D2O/23Na-9th-4005Hz-25C-32ctF.ft
592,33482.0,3.0,2.0,1584970.5,0819G1-1M-AlOH3-3M-NaOH-D2O/23Na-9th-4005Hz-25C-32ctF.ft
593,33485.0,4.0,0.0,515050.0,0819G1-1M-AlOH3-3M-NaOH-D2O/23Na-9th-4005Hz-25C-32ctF.ft
594,33489.0,5.0,1.0,1037729.0,0819G1-1M-AlOH3-3M-NaOH-D2O/23Na-9th-4005Hz-25C-32ctF.ft
595,33279.0,1.0,0.0,518551.0,0819G1-1M-AlOH3-3M-NaOH-D2O/27Al-2nd-2735Hz-25C-128ct.ft
596,33361.0,2.0,9.391161016315266,3359571456.0,0819G1-1M-AlOH3-3M-NaOH-D2O/27Al-2nd-2735Hz-25C-128ct.ft
597,33482.0,3.0,2.0,1584970.5,0819G1-1M-AlOH3-3M-NaOH-D2O/27Al-2nd-2735Hz-25C-128ct.ft
598,33485.0,4.0,0.0,515050.0,0819G1-1M-AlOH3-3M-NaOH-D2O/27Al-2nd-2735Hz-25C-128ct.ft
599,33489.0,5.0,1.0,1037729.0,0819G1-1M-AlOH3-3M-NaOH-D2O/27Al-2nd-2735Hz-25C-128ct.ft
600,33279.0,1.0,0.0,518551.0,0819G1-1M-AlOH3-3M-NaOH-D2O/27Al-2nd-2735Hz-25C-128ctF.ft
601,33361.0,2.0,9.391161016315266,3359571456.0,0819G1-1M-AlOH3-3M-NaOH-D2O/27Al-2nd-2735Hz-25C-128ctF.ft
602,33482.0,3.0,2.0,1584970.5,0819G1-1M-AlOH3-3M-NaOH-D2O/27Al-2nd-2735Hz-25C-128ctF.ft
603,33485.0,4.0,0.0,515050.0,0819G1-1M-AlOH3-3M-NaOH-D2O/27Al-2nd-2735Hz-25C-128ctF.ft
604,33489.0,5.0,1.0,1037729.0,0819G1-1M-AlOH3-3M-NaOH-D2O/27Al-2nd-2735Hz-25C-128ctF.ft
605,33279.0,1.0,0.0,518551.0,background/23Na-empty-rotor-2845Hz-512ct.ft
606,33361.0,2.0,9.391161016315266,3359571456.0,background/23Na-empty-rotor-2845Hz-512ct.ft
607,33482.0,3.0,2.0,1584970.5,background/23Na-empty-rotor-2845Hz-512ct.ft
608,33485.0,4.0,0.0,515050.0,background/23Na-empty-rotor-2845Hz-512ct.ft
609,33489.0,5.0,1.0,1037729.0,background/23Na-empty-rotor-2845Hz-512ct.ft
610,33279.0,1.0,0.0,518551.0,background/23Na-empty-rotor-2845Hz-512ctF.ft
611,33361.0,2.0,9.391161016315266,3359571456.0,background/23Na-empty-rotor-2845Hz-512ctF.ft
612,33482.0,3.0,2.0,1584970.5,background/23Na-empty-rotor-2845Hz-512ctF.ft
613,33485.0,4.0,0.0,515050.0,background/23Na-empty-rotor-2845Hz-512ctF.ft
614,33489.0,5.0,1.0,1037729.0,background/23Na-empty-rotor-2845Hz-512ctF.ft
615,33279.0,1.0,0.0,518551.0,background/27Al-empty-rotor-2845Hz-512ct.ft
616,33361.0,2.0,9.391161016315266,3359571456.0,background/27Al-empty-rotor-2845Hz-512ct.ft
617,33482.0,3.0,2.0,1584970.5,background/27Al-empty-rotor-2845Hz-512ct.ft
618,33485.0,4.0,0.0,515050.0,background/27Al-empty-rotor-2845Hz-512ct.ft
619,33489.0,5.0,1.0,1037729.0,background/27Al-empty-rotor-2845Hz-512ct.ft
620,33279.0,1.0,0.0,518551.0,background/27Al-empty-rotor-2845Hz-512ctF.ft
621,33361.0,2.0,9.391161016315266,3359571456.0,background/27Al-empty-rotor-2845Hz-512ctF.ft
622,33482.0,3.0,2.0,1584970.5,background/27Al-empty-rotor-2845Hz-512ctF.ft
623,33485.0,4.0,0.0,515050.0,background/27Al-empty-rotor-2845Hz-512ctF.ft
624,33489.0,5.0,1.0,1037729.0,background/27Al-empty-rotor-2845Hz-512ctF.ft
625,33279.0,1.0,0.0,518551.0,standard/23Na-0808G1-gibbsite-23p9mg-4012Hz-25C-268ct.ft
626,33361.0,2.0,9.391161016315266,3359571456.0,standard/23Na-0808G1-gibbsite-23p9mg-4012Hz-25C-268ct.ft
627,33482.0,3.0,2.0,1584970.5,standard/23Na-0808G1-gibbsite-23p9mg-4012Hz-25C-268ct.ft
628,33485.0,4.0,0.0,515050.0,standard/23Na-0808G1-gibbsite-23p9mg-4012Hz-25C-268ct.ft
629,33489.0,5.0,1.0,1037729.0,standard/23Na-0808G1-gibbsite-23p9mg-4012Hz-25C-268ct.ft
630,33279.0,1.0,0.0,518551.0,standard/23Na-0808G1-gibbsite-23p9mg-4012Hz-25C-268ctF.ft
631,33361.0,2.0,9.391161016315266,3359571456.0,standard/23Na-0808G1-gibbsite-23p9mg-4012Hz-25C-268ctF.ft
632,33482.0,3.0,2.0,1584970.5,standard/23Na-0808G1-gibbsite-23p9mg-4012Hz-25C-268ctF.ft
633,33485.0,4.0,0.0,515050.0,standard/23Na-0808G1-gibbsite-23p9mg-4012Hz-25C-268ctF.ft
634,33489.0,5.0,1.0,1037729.0,standard/23Na-0808G1-gibbsite-23p9mg-4012Hz-25C-268ctF.ft
635,33279.0,1.0,0.0,518551.0,standard/23Na-0819G1-gibbsite-18p7mg-4012Hz-25C-512ct.ft
636,33361.0,2.0,9.391161016315266,3359571456.0,standard/23Na-0819G1-gibbsite-18p7mg-4012Hz-25C-512ct.ft
637,33482.0,3.0,2.0,1584970.5,standard/23Na-0819G1-gibbsite-18p7mg-4012Hz-25C-512ct.ft
638,33485.0,4.0,0.0,515050.0,standard/23Na-0819G1-gibbsite-18p7mg-4012Hz-25C-512ct.ft
639,33489.0,5.0,1.0,1037729.0,standard/23Na-0819G1-gibbsite-18p7mg-4012Hz-25C-512ct.ft
640,33279.0,1.0,0.0,518551.0,standard/23Na-0819G1-gibbsite-18p7mg-4012Hz-25C-512ctF.ft
641,33361.0,2.0,9.391161016315266,3359571456.0,standard/23Na-0819G1-gibbsite-18p7mg-4012Hz-25C-512ctF.ft
642,33482.0,3.0,2.0,1584970.5,standard/23Na-0819G1-gibbsite-18p7mg-4012Hz-25C-512ctF.ft
643,33485.0,4.0,0.0,515050.0,standard/23Na-0819G1-gibbsite-18p7mg-4012Hz-25C-512ctF.ft
644,33489.0,5.0,1.0,1037729.0,standard/23Na-0819G1-gibbsite-18p7mg-4012Hz-25C-512ctF.ft
645,33279.0,1.0,0.0,518551.0,standard/23Na-5-10nm-boehmite-54p8mg-4045Hz-25C-524ct.ft
646,33361.0,2.0,9.391161016315266,3359571456.0,standard/23Na-5-10nm-boehmite-54p8mg-4045Hz-25C-524ct.ft
647,33482.0,3.0,2.0,1584970.5,standard/23Na-5-10nm-boehmite-54p8mg-4045Hz-25C-524ct.ft
648,33485.0,4.0,0.0,515050.0,standard/23Na-5-10nm-boehmite-54p8mg-4045Hz-25C-524ct.ft
649,33489.0,5.0,1.0,1037729.0,standard/23Na-5-10nm-boehmite-54p8mg-4045Hz-25C-524ct.ft
650,33279.0,1.0,0.0,518551.0,standard/23Na-5-10nm-boehmite-54p8mg-4045Hz-25C-524ctF.ft
651,33361.0,2.0,9.391161016315266,3359571456.0,standard/23Na-5-10nm-boehmite-54p8mg-4045Hz-25C-524ctF.ft
652,33482.0,3.0,2.0,1584970.5,standard/23Na-5-10nm-boehmite-54p8mg-4045Hz-25C-524ctF.ft
653,33485.0,4.0,0.0,515050.0,standard/23Na-5-10nm-boehmite-54p8mg-4045Hz-25C-524ctF.ft
654,33489.0,5.0,1.0,1037729.0,standard/23Na-5-10nm-boehmite-54p8mg-4045Hz-25C-524ctF.ft
655,33279.0,1.0,0.0,518551.0,standard/27Al-0808G1-gibbsite-23p9mg-2737Hz-25C-248ct.ft
656,33361.0,2.0,9.391161016315266,3359571456.0,standard/27Al-0808G1-gibbsite-23p9mg-2737Hz-25C-248ct.ft
657,33482.0,3.0,2.0,1584970.5,standard/27Al-0808G1-gibbsite-23p9mg-2737Hz-25C-248ct.ft
658,33485.0,4.0,0.0,515050.0,standard/27Al-0808G1-gibbsite-23p9mg-2737Hz-25C-248ct.ft
659,33489.0,5.0,1.0,1037729.0,standard/27Al-0808G1-gibbsite-23p9mg-2737Hz-25C-248ct.ft
660,33279.0,1.0,0.0,518551.0,standard/27Al-0808G1-gibbsite-23p9mg-2737Hz-25C-248ctF.ft
661,33361.0,2.0,9.391161016315266,3359571456.0,standard/27Al-0808G1-gibbsite-23p9mg-2737Hz-25C-248ctF.ft
662,33482.0,3.0,2.0,1584970.5,standard/27Al-0808G1-gibbsite-23p9mg-2737Hz-25C-248ctF.ft
663,33485.0,4.0,0.0,515050.0,standard/27Al-0808G1-gibbsite-23p9mg-2737Hz-25C-248ctF.ft
664,33489.0,5.0,1.0,1037729.0,standard/27Al-0808G1-gibbsite-23p9mg-2737Hz-25C-248ctF.ft
665,33279.0,1.0,0.0,518551.0,standard/27Al-0819G1-gibbsite-18p7mg-4012Hz-25C-512ct.ft
666,33361.0,2.0,9.391161016315266,3359571456.0,standard/27Al-0819G1-gibbsite-18p7mg-4012Hz-25C-512ct.ft
667,33482.0,3.0,2.0,1584970.5,standard/27Al-0819G1-gibbsite-18p7mg-4012Hz-25C-512ct.ft
668,33485.0,4.0,0.0,515050.0,standard/27Al-0819G1-gibbsite-18p7mg-4012Hz-25C-512ct.ft
669,33489.0,5.0,1.0,1037729.0,standard/27Al-0819G1-gibbsite-18p7mg-4012Hz-25C-512ct.ft
670,33279.0,1.0,0.0,518551.0,standard/27Al-0819G1-gibbsite-18p7mg-4012Hz-25C-512ctF.ft
671,33361.0,2.0,9.391161016315266,3359571456.0,standard/27Al-0819G1-gibbsite-18p7mg-4012Hz-25C-512ctF.ft
672,33482.0,3.0,2.0,1584970.5,standard/27Al-0819G1-gibbsite-18p7mg-4012Hz-25C-512ctF.ft
673,33485.0,4.0,0.0,515050.0,standard/27Al-0819G1-gibbsite-18p7mg-4012Hz-25C-512ctF.ft
674,33489.0,5.0,1.0,1037729.0,standard/27Al-0819G1-gibbsite-18p7mg-4012Hz-25C-512ctF.ft
675,33279.0,1.0,0.0,518551.0,standard/27Al-5-10nm-boehmite-54p8mg-4045Hz-25C-280ct.ft
676,33361.0,2.0,9.391161016315266,3359571456.0,standard/27Al-5-10nm-boehmite-54p8mg-4045Hz-25C-280ct.ft
677,33482.0,3.0,2.0,1584970.5,standard/27Al-5-10nm-boehmite-54p8mg-4045Hz-25C-280ct.ft
678,33485.0,4.0,0.0,515050.0,standard/27Al-5-10nm-boehmite-54p8mg-4045Hz-25C-280ct.ft
679,33489.0,5.0,1.0,1037729.0,standard/27Al-5-10nm-boehmite-54p8mg-4045Hz-25C-280ct.ft
680,33279.0,1.0,0.0,518551.0,standard/27Al-5-10nm-boehmite-54p8mg-4045Hz-25C-280ctF.ft
681,33361.0,2.0,9.391161016315266,3359571456.0,standard/27Al-5-10nm-boehmite-54p8mg-4045Hz-25C-280ctF.ft
682,33482.0,3.0,2.0,1584970.5,standard/27Al-5-10nm-boehmite-54p8mg-4045Hz-25C-280ctF.ft
683,33485.0,4.0,0.0,515050.0,standard/27Al-5-10nm-boehmite-54p8mg-4045Hz-25C-280ctF.ft
684,33489.0,5.0,1.0,1037729.0,standard/27Al-5-10nm-boehmite-54p8mg-4045Hz-25C-280ctF.ft
685,33279.0,1.0,0.0,518551.0,standard/27Al-gibbsite-23p9mg-4012Hz-25C-512ct.ft
686,33361.0,2.0,9.391161016315266,3359571456.0,standard/27Al-gibbsite-23p9mg-4012Hz-25C-512ct.ft
687,33482.0,3.0,2.0,1584970.5,standard/27Al-gibbsite-23p9mg-4012Hz-25C-512ct.ft
688,33485.0,4.0,0.0,515050.0,standard/27Al-gibbsite-23p9mg-4012Hz-25C-512ct.ft
689,33489.0,5.0,1.0,1037729.0,standard/27Al-gibbsite-23p9mg-4012Hz-25C-512ct.ft
690,33279.0,1.0,0.0,518551.0,standard/27Al-gibbsite-23p9mg-4012Hz-25C-512ctF.ft
691,33361.0,2.0,9.391161016315266,3359571456.0,standard/27Al-gibbsite-23p9mg-4012Hz-25C-512ctF.ft
692,33482.0,3.0,2.0,1584970.5,standard/27Al-gibbsite-23p9mg-4012Hz-25C-512ctF.ft
693,33485.0,4.0,0.0,515050.0,standard/27Al-gibbsite-23p9mg-4012Hz-25C-512ctF.ft
694,33489.0,5.0,1.0,1037729.0,standard/27Al-gibbsite-23p9mg-4012Hz-25C-512ctF.ft
