,raw_hz,peak_id,line_width,integral,file_path,raw_Al_concentration,raw_Li_concentration,raw_Na_concentration,degrees_celsius,Hz,Mat_Source,raw_mg,scan_count,nmr_element
0,33279.0,1.0,0.0,518551.0,0808G1-0p15M-AlOH3-3M-NaOH-D2O/23Na-1st-2740Hz-25C-32ct.ft,0.15,,3.0,25,2740,,,32,23Na
1,33361.0,2.0,9.391161016315266,3359571456.0,0808G1-0p15M-AlOH3-3M-NaOH-D2O/23Na-1st-2740Hz-25C-32ct.ft,0.15,,3.0,25,2740,,,32,23Na
2,33482.0,3.0,2.0,1584970.5,0808G1-0p15M-AlOH3-3M-NaOH-D2O/23Na-1st-2740Hz-25C-32ct.ft,0.15,,3.0,25,2740,,,32,23Na
3,33485.0,4.0,0.0,515050.0,0808G1-0p15M-AlOH3-3M-NaOH-D2O/23Na-1st-2740Hz-25C-32ct.ft,0.15,,3.0,25,2740,,,32,23Na
4,33489.0,5.0,1.0,1037729.0,0808G1-0p15M-AlOH3-3M-NaOH-D2O/23Na-1st-2740Hz-25C-32ct.ft,0.15,,3.0,25,2740,,,32,23Na
5,33279.0,1.0,0.0,518551.0,0808G1-0p15M-AlOH3-3M-NaOH-D2O/23Na-1st-2740Hz-25C-32ctF.ft,0.15,,3.0,25,2740,,,32,23Na
6,33361.0,2.0,9.391161016315266,3359571456.0,0808G1-0p15M-AlOH3-3M-NaOH-D2O/23Na-1st-2740Hz-25C-32ctF.ft,0.15,,3.0,25,2740,,,32,23Na
7,33482.0,3.0,2.0,1584970.5,0808G1-0p15M-AlOH3-3M-NaOH-D2O/23Na-1st-2740Hz-25C-32ctF.ft,0.15,,3.0,25,2740,,,32,23Na
8,33485.0,4.0,0.0,515050.0,0808G1-0p15M-AlOH3-3M-NaOH-D2O/23Na-1st-2740Hz-25C-32ctF.ft,0.15,,3.0,25,2740,,,32,23Na
9,33489.0,5.0,1.0,1037729.0,0808G1-0p15M-AlOH3-3M-NaOH-D2O/23Na-1st-2740Hz-25C-32ctF.ft,0.15,,3.0,25,2740,,,32,23Na
10,33279.0,1.0,0.0,518551.0,0808G1-0p15M-AlOH3-3M-NaOH-D2O/23Na-5th-2660Hz-140C-32ct.ft,0.15,,3.0,140,2660,,,32,23Na
11,33361.0,2.0,9.391161016315266,3359571456.0,0808G1-0p15M-AlOH3-3M-NaOH-D2O/23Na-5th-2660Hz-140C-32ct.ft,0.15,,3.0,140,2660,,,32,23Na
12,33482.0,3.0,2.0,1584970.5,0808G1-0p15M-AlOH3-3M-NaOH-D2O/23Na-5th-2660Hz-140C-32ct.ft,0.15,,3.0,140,2660,,,32,23Na
13,33485.0,4.0,0.0,515050.0,0808G1-0p15M-AlOH3-3M-NaOH-D2O/23Na-5th-2660Hz-140C-32ct.ft,0.15,,3.0,140,2660,,,32,23Na
14,33489.0,5.0,1.0,1037729.0,0808G1-0p15M-AlOH3-3M-NaOH-D2O/23Na-5th-2660Hz-140C-32ct.ft,0.15,,3.0,140,2660,,,32,23Na
15,33279.0,1.0,0.0,518551.0,0808G1-0p15M-AlOH3-3M-NaOH-D2O/23Na-5th-2660Hz-140C-32ctF.ft,0.15,,3.0,140,2660,,,32,23Na
16,33361.0,2.0,9.391161016315266,3359571456.0,0808G1-0p15M-AlOH3-3M-NaOH-D2O/23Na-5th-2660Hz-140C-32ctF.ft,0.15,,3.0,140,2660,,,32,23Na
17,33482.0,3.0,2.0,1584970.5,0808G1-0p15M-AlOH3-3M-NaOH-D2O/23Na-5th-2660Hz-140C-32ctF.ft,0.15,,3.0,140,2660,,,32,23Na
18,33485.0,4.0,0.0,515050.0,0808G1-0p15M-AlOH3-3M-NaOH-D2O/23Na-5th-2660Hz-140C-32ctF.ft,0.15,,3.0,140,2660,,,32,23Na
19,33489.0,5.0,1.0,1037729.0,0808G1-0p15M-AlOH3-3M-NaOH-D2O/23Na-5th-2660Hz-140C-32ctF.ft,0.15,,3.0,140,2660,,,32,23Na
20,33279.0,1.0,0.0,518551.0,0808G1-0p15M-AlOH3-3M-NaOH-D2O/23Na-5th-2671Hz-130C-32ct.ft,0.15,,3.0,130,2671,,,32,23Na
21,33361.0,2.0,9.391161016315266,3359571456.0,0808G1-0p15M-AlOH3-3M-NaOH-D2O/23Na-5th-2671Hz-130C-32ct.ft,0.15,,3.0,130,2671,,,32,23Na
22,33482.0,3.0,2.0,1584970.5,0808G1-0p15M-AlOH3-3M-NaOH-D2O/23Na-5th-2671Hz-130C-32ct.ft,0.15,,3.0,130,2671,,,32,23Na
23,33485.0,4.0,0.0,515050.0,0808G1-0p15M-AlOH3-3M-NaOH-D2O/23Na-5th-2671Hz-130C-32ct.ft,0.15,,3.0,130,2671,,,32,23Na
24,33489.0,5.0,1.0,1037729.0,0808G1-0p15M-AlOH3-3M-NaOH-D2O/23Na-5th-2671Hz-130C-32ct.ft,0.15,,3.0,130,2671,,,32,23Na
25,33279.0,1.0,0.0,518551.0,0808G1-0p15M-AlOH3-3M-NaOH-D2O/23Na-5th-2671Hz-130C-32ctF.ft,0.15,,3.0,130,2671,,,32,23Na
26,33361.0,2.0,9.391161016315266,3359571456.0,0808G1-0p15M-AlOH3-3M-NaOH-D2O/23Na-5th-2671Hz-130C-32ctF.ft,0.15,,3.0,130,2671,,,32,23Na
27,33482.0,3.0,2.0,1584970.5,0808G1-0p15M-AlOH3-3M-NaOH-D2O/23Na-5th-2671Hz-130C-32ctF.ft,0.15,,3.0,130,2671,,,32,23Na
28,33485.0,4.0,0.0,515050.0,0808G1-0p15M-AlOH3-3M-NaOH-D2O/23Na-5th-2671Hz-130C-32ctF.ft,0.15,,3.0,130,2671,,,32,23Na
29,33489.0,5.0,1.0,1037729.0,0808G1-0p15M-AlOH3-3M-NaOH-D2O/23Na-5th-2671Hz-130C-32ctF.ft,0.15,,3.0,130,2671,,,32,23Na
30,33279.0,1.0,0.0,518551.0,0808G1-0p15M-AlOH3-3M-NaOH-D2O/23Na-5th-2681Hz-120C-32ct.ft,0.15,,3.0,120,2681,,,32,23Na
31,33361.0,2.0,9.391161016315266,3359571456.0,0808G1-0p15M-AlOH3-3M-NaOH-D2O/23Na-5th-2681Hz-120C-32ct.ft,0.15,,3.0,120,2681,,,32,23Na
32,33482.0,3.0,2.0,1584970.5,0808G1-0p15M-AlOH3-3M-NaOH-D2O/23Na-5th-2681Hz-120C-32ct.ft,0.15,,3.0,120,2681,,,32,23Na
33,33485.0,4.0,0.0,515050.0,0808G1-0p15M-AlOH3-3M-NaOH-D2O/23Na-5th-2681Hz-120C-32ct.ft,0.15,,3.0,120,2681,,,32,23Na
34,33489.0,5.0,1.0,1037729.0,0808G1-0p15M-AlOH3-3M-NaOH-D2O/23Na-5th-2681Hz-120C-32ct.ft,0.15,,3.0,120,2681,,,32,23Na
35,33279.0,1.0,0.0,518551.0,0808G1-0p15M-AlOH3-3M-NaOH-D2O/23Na-5th-2681Hz-120C-32ctF.ft,0.15,,3.0,120,2681,,,32,23Na
36,33361.0,2.0,9.391161016315266,3359571456.0,0808G1-0p15M-AlOH3-3M-NaOH-D2O/23Na-5th-2681Hz-120C-32ctF.ft,0.15,,3.0,120,2681,,,32,23Na
37,33482.0,3.0,2.0,1584970.5,0808G1-0p15M-AlOH3-3M-NaOH-D2O/23Na-5th-2681Hz-120C-32ctF.ft,0.15,,3.0,120,2681,,,32,23Na
38,33485.0,4.0,0.0,515050.0,0808G1-0p15M-AlOH3-3M-NaOH-D2O/23Na-5th-2681Hz-120C-32ctF.ft,0.15,,3.0,120,2681,,,32,23Na
39,33489.0,5.0,1.0,1037729.0,0808G1-0p15M-AlOH3-3M-NaOH-D2O/23Na-5th-2681Hz-120C-32ctF.ft,0.15,,3.0,120,2681,,,32,23Na
40,33279.0,1.0,0.0,518551.0,0808G1-0p15M-AlOH3-3M-NaOH-D2O/23Na-5th-2691Hz-110C-32ct.ft,0.15,,3.0,110,2691,,,32,23Na
41,33361.0,2.0,9.391161016315266,3359571456.0,0808G1-0p15M-AlOH3-3M-NaOH-D2O/23Na-5th-2691Hz-110C-32ct.ft,0.15,,3.0,110,2691,,,32,23Na
42,33482.0,3.0,2.0,1584970.5,0808G1-0p15M-AlOH3-3M-NaOH-D2O/23Na-5th-2691Hz-110C-32ct.ft,0.15,,3.0,110,2691,,,32,23Na
43,33485.0,4.0,0.0,515050.0,0808G1-0p15M-AlOH3-3M-NaOH-D2O/23Na-5th-2691Hz-110C-32ct.ft,0.15,,3.0,110,2691,,,32,23Na
44,33489.0,5.0,1.0,1037729.0,0808G1-0p15M-AlOH3-3M-NaOH-D2O/23Na-5th-2691Hz-110C-32ct.ft,0.15,,3.0,110,2691,,,32,23Na
45,33279.0,1.0,0.0,518551.0,0808G1-0p15M-AlOH3-3M-NaOH-D2O/23Na-5th-2691Hz-110C-32ctF.ft,0.15,,3.0,110,2691,,,32,23Na
46,33361.0,2.0,9.391161016315266,3359571456.0,0808G1-0p15M-AlOH3-3M-NaOH-D2O/23Na-5th-2691Hz-110C-32ctF.ft,0.15,,3.0,110,2691,,,32,23Na
47,33482.0,3.0,2.0,1584970.5,0808G1-0p15M-AlOH3-3M-NaOH-D2O/23Na-5th-2691Hz-110C-32ctF.ft,0.15,,3.0,110,2691,,,32,23Na
48,33485.0,4.0,0.0,515050.0,0808G1-0p15M-AlOH3-3M-NaOH-D2O/23Na-5th-2691Hz-110C-32ctF.ft,0.15,,3.0,110,2691,,,32,23Na
49,33489.0,5.0,1.0,1037729.0,0808G1-0p15M-AlOH3-3M-NaOH-D2O/23Na-5th-2691Hz-110C-32ctF.ft,0.15,,3.0,110,2691,,,32,23Na
50,33279.0,1.0,0.0,518551.0,0808G1-0p15M-AlOH3-3M-NaOH-D2O/23Na-5th-2700Hz-100C-32ct.ft,0.15,,3.0,100,2700,,,32,23Na
51,33361.0,2.0,9.391161016315266,3359571456.0,0808G1-0p15M-AlOH3-3M-NaOH-D2O/23Na-5th-2700Hz-100C-32ct.ft,0.15,,3.0,100,2700,,,32,23Na
52,33482.0,3.0,2.0,1584970.5,0808G1-0p15M-AlOH3-3M-NaOH-D2O/23Na-5th-2700Hz-100C-32ct.ft,0.15,,3.0,100,2700,,,32,23Na
53,33485.0,4.0,0.0,515050.0,0808G1-0p15M-AlOH3-3M-NaOH-D2O/23Na-5th-2700Hz-100C-32ct.ft,0.15,,3.0,100,2700,,,32,23Na
54,33489.0,5.0,1.0,1037729.0,0808G1-0p15M-AlOH3-3M-NaOH-D2O/23Na-5th-2700Hz-100C-32ct.ft,0.15,,3.0,100,2700,,,32,23Na
55,33279.0,1.0,0.0,518551.0,0808G1-0p15M-AlOH3-3M-NaOH-D2O/23Na-5th-2700Hz-100C-32ctF.ft,0.15,,3.0,100,2700,,,32,23Na
56,33361.0,2.0,9.391161016315266,3359571456.0,0808G1-0p15M-AlOH3-3M-NaOH-D2O/23Na-5th-2700Hz-100C-32ctF.ft,0.15,,3.0,100,2700,,,32,23Na
57,33482.0,3.0,2.0,1584970.5,0808G1-0p15M-AlOH3-3M-NaOH-D2O/23Na-5th-2700Hz-100C-32ctF.ft,0.15,,3.0,100,2700,,,32,23Na
58,33485.0,4.0,0.0,515050.0,0808G1-0p15M-AlOH3-3M-NaOH-D2O/23Na-5th-2700Hz-100C-32ctF.ft,0.15,,3.0,100,2700,,,32,23Na
59,33489.0,5.0,1.0,1037729.0,0808G1-0p15M-AlOH3-3M-NaOH-D2O/23Na-5th-2700Hz-100C-32ctF.ft,0.15,,3.0,100,2700,,,32,23Na
60,33279.0,1.0,0.0,518551.0,0808G1-0p15M-AlOH3-3M-NaOH-D2O/23Na-5th-2710Hz-90C-32ct.ft,0.15,,3.0,90,2710,,,32,23Na
61,33361.0,2.0,9.391161016315266,3359571456.0,0808G1-0p15M-AlOH3-3M-NaOH-D2O/23Na-5th-2710Hz-90C-32ct.ft,0.15,,3.0,90,2710,,,32,23Na
62,33482.0,3.0,2.0,1584970.5,0808G1-0p15M-AlOH3-3M-NaOH-D2O/23Na-5th-2710Hz-90C-32ct.ft,0.15,,3.0,90,2710,,,32,23Na
63,33485.0,4.0,0.0,515050.0,0808G1-0p15M-AlOH3-3M-NaOH-D2O/23Na-5th-2710Hz-90C-32ct.ft,0.15,,3.0,90,2710,,,32,23Na
64,33489.0,5.0,1.0,1037729.0,0808G1-0p15M-AlOH3-3M-NaOH-D2O/23Na-5th-2710Hz-90C-32ct.ft,0.15,,3.0,90,2710,,,32,23Na
65,33279.0,1.0,0.0,518551.0,0808G1-0p15M-AlOH3-3M-NaOH-D2O/23Na-5th-2710Hz-90C-32ctF.ft,0.15,,3.0,90,2710,,,32,23Na
66,33361.0,2.0,9.391161016315266,3359571456.0,0808G1-0p15M-AlOH3-3M-NaOH-D2O/23Na-5th-2710Hz-90C-32ctF.ft,0.15,,3.0,90,2710,,,32,23Na
67,33482.0,3.0,2.0,1584970.5,0808G1-0p15M-AlOH3-3M-NaOH-D2O/23Na-5th-2710Hz-90C-32ctF.ft,0.15,,3.0,90,2710,,,32,23Na
68,33485.0,4.0,0.0,515050.0,0808G1-0p15M-AlOH3-3M-NaOH-D2O/23Na-5th-2710Hz-90C-32ctF.ft,0.15,,3.0,90,2710,,,32,23Na
69,33489.0,5.0,1.0,1037729.0,0808G1-0p15M-AlOH3-3M-NaOH-D2O/23Na-5th-2710Hz-90C-32ctF.ft,0.15,,3.0,90,2710,,,32,23Na
70,33279.0,1.0,0.0,518551.0,0808G1-0p15M-AlOH3-3M-NaOH-D2O/23Na-5th-2720Hz-80C-32ct.ft,0.15,,3.0,80,2720,,,32,23Na
71,33361.0,2.0,9.391161016315266,3359571456.0,0808G1-0p15M-AlOH3-3M-NaOH-D2O/23Na-5th-2720Hz-80C-32ct.ft,0.15,,3.0,80,2720,,,32,23Na
72,33482.0,3.0,2.0,1584970.5,0808G1-0p15M-AlOH3-3M-NaOH-D2O/23Na-5th-2720Hz-80C-32ct.ft,0.15,,3.0,80,2720,,,32,23Na
73,33485.0,4.0,0.0,515050.0,0808G1-0p15M-AlOH3-3M-NaOH-D2O/23Na-5th-2720Hz-80C-32ct.ft,0.15,,3.0,80,2720,,,32,23Na
74,33489.0,5.0,1.0,1037729.0,0808G1-0p15M-AlOH3-3M-NaOH-D2O/23Na-5th-2720Hz-80C-32ct.ft,0.15,,3.0,80,2720,,,32,23Na
75,33279.0,1.0,0.0,518551.0,0808G1-0p15M-AlOH3-3M-NaOH-D2O/23Na-5th-2720Hz-80C-32ctF.ft,0.15,,3.0,80,2720,,,32,23Na
76,33361.0,2.0,9.391161016315266,3359571456.0,0808G1-0p15M-AlOH3-3M-NaOH-D2O/23Na-5th-2720Hz-80C-32ctF.ft,0.15,,3.0,80,2720,,,32,23Na
77,33482.0,3.0,2.0,1584970.5,0808G1-0p15M-AlOH3-3M-NaOH-D2O/23Na-5th-2720Hz-80C-32ctF.ft,0.15,,3.0,80,2720,,,32,23Na
78,33485.0,4.0,0.0,515050.0,0808G1-0p15M-AlOH3-3M-NaOH-D2O/23Na-5th-2720Hz-80C-32ctF.ft,0.15,,3.0,80,2720,,,32,23Na
79,33489.0,5.0,1.0,1037729.0,0808G1-0p15M-AlOH3-3M-NaOH-D2O/23Na-5th-2720Hz-80C-32ctF.ft,0.15,,3.0,80,2720,,,32,23Na
80,33279.0,1.0,0.0,518551.0,0808G1-0p15M-AlOH3-3M-NaOH-D2O/23Na-5th-2732Hz-70C-32ct.ft,0.15,,3.0,70,2732,,,32,23Na
81,33361.0,2.0,9.391161016315266,3359571456.0,0808G1-0p15M-AlOH3-3M-NaOH-D2O/23Na-5th-2732Hz-70C-32ct.ft,0.15,,3.0,70,2732,,,32,23Na
82,33482.0,3.0,2.0,1584970.5,0808G1-0p15M-AlOH3-3M-NaOH-D2O/23Na-5th-2732Hz-70C-32ct.ft,0.15,,3.0,70,2732,,,32,23Na
83,33485.0,4.0,0.0,515050.0,0808G1-0p15M-AlOH3-3M-NaOH-D2O/23Na-5th-2732Hz-70C-32ct.ft,0.15,,3.0,70,2732,,,32,23Na
84,33489.0,5.0,1.0,1037729.0,0808G1-0p15M-AlOH3-3M-NaOH-D2O/23Na-5th-2732Hz-70C-32ct.ft,0.15,,3.0,70,2732,,,32,23Na
85,33279.0,1.0,0.0,518551.0,0808G1-0p15M-AlOH3-3M-NaOH-D2O/23Na-5th-2732Hz-70C-32ctF.ft,0.15,,3.0,70,2732,,,32,23Na
86,33361.0,2.0,9.391161016315266,3359571456.0,0808G1-0p15M-AlOH3-3M-NaOH-D2O/23Na-5th-2732Hz-70C-32ctF.ft,0.15,,3.0,70,2732,,,32,23Na
87,33482.0,3.0,2.0,1584970.5,0808G1-0p15M-AlOH3-3M-NaOH-D2O/23Na-5th-2732Hz-70C-32ctF.ft,0.15,,3.0,70,2732,,,32,23Na
88,33485.0,4.0,0.0,515050.0,0808G1-0p15M-AlOH3-3M-NaOH-D2O/23Na-5th-2732Hz-70C-32ctF.ft,0.15,,3.0,70,2732,,,32,23Na
89,33489.0,5.0,1.0,1037729.0,0808G1-0p15M-AlOH3-3M-NaOH-D2O/23Na-5th-2732Hz-70C-32ctF.ft,0.15,,3.0,70,2732,,,32,23Na
90,33279.0,1.0,0.0,518551.0,0808G1-0p15M-AlOH3-3M-NaOH-D2O/23Na-5th-2742Hz-60C-32ct.ft,0.15,,3.0,60,2742,,,32,23Na
91,33361.0,2.0,9.391161016315266,3359571456.0,0808G1-0p15M-AlOH3-3M-NaOH-D2O/23Na-5th-2742Hz-60C-32ct.ft,0.15,,3.0,60,2742,,,32,23Na
92,33482.0,3.0,2.0,1584970.5,0808G1-0p15M-AlOH3-3M-NaOH-D2O/23Na-5th-2742Hz-60C-32ct.ft,0.15,,3.0,60,2742,,,32,23Na
93,33485.0,4.0,0.0,515050.0,0808G1-0p15M-AlOH3-3M-NaOH-D2O/23Na-5th-2742Hz-60C-32ct.ft,0.15,,3.0,60,2742,,,32,23Na
94,33489.0,5.0,1.0,1037729.0,0808G1-0p15M-AlOH3-3M-NaOH-D2O/23Na-5th-2742Hz-60C-32ct.ft,0.15,,3.0,60,2742,,,32,23Na
95,33279.0,1.0,0.0,518551.0,0808G1-0p15M-AlOH3-3M-NaOH-D2O/23Na-5th-2742Hz-60C-32ctF.ft,0.15,,3.0,60,2742,,,32,23Na
96,33361.0,2.0,9.391161016315266,3359571456.0,0808G1-0p15M-AlOH3-3M-NaOH-D2O/23Na-5th-2742Hz-60C-32ctF.ft,0.15,,3.0,60,2742,,,32,23Na
97,33482.0,3.0,2.0,1584970.5,0808G1-0p15M-AlOH3-3M-NaOH-D2O/23Na-5th-2742Hz-60C-32ctF.ft,0.15,,3.0,60,2742,,,32,23Na
98,33485.0,4.0,0.0,515050.0,0808G1-0p15M-AlOH3-3M-NaOH-D2O/23Na-5th-2742Hz-60C-32ctF.ft,0.15,,3.0,60,2742,,,32,23Na
99,33489.0,5.0,1.0,1037729.0,0808G1-0p15M-AlOH3-3M-NaOH-D2O/23Na-5th-2742Hz-60C-32ctF.ft,0.15,,3.0,60,2742,,,32,23Na
100,33279.0,1.0,0.0,518551.0,0808G1-0p15M-AlOH3-3M-NaOH-D2O/23Na-5th-2752Hz-50C-32ct.ft,0.15,,3.0,50,2752,,,32,23Na
101,33361.0,2.0,9.391161016315266,3359571456.0,0808G1-0p15M-AlOH3-3M-NaOH-D2O/23Na-5th-2752Hz-50C-32ct.ft,0.15,,3.0,50,2752,,,32,23Na
102,33482.0,3.0,2.0,1584970.5,0808G1-0p15M-AlOH3-3M-NaOH-D2O/23Na-5th-2752Hz-50C-32ct.ft,0.15,,3.0,50,2752,,,32,23Na
103,33485.0,4.0,0.0,515050.0,0808G1-0p15M-AlOH3-3M-NaOH-D2O/23Na-5th-2752Hz-50C-32ct.ft,0.15,,3.0,50,2752,,,32,23Na
104,33489.0,5.0,1.0,1037729.0,0808G1-0p15M-AlOH3-3M-NaOH-D2O/23Na-5th-2752Hz-50C-32ct.ft,0.15,,3.0,50,2752,,,32,23Na
105,33279.0,1.0,0.0,518551.0,0808G1-0p15M-AlOH3-3M-NaOH-D2O/23Na-5th-2752Hz-50C-32ctF.ft,0.15,,3.0,50,2752,,,32,23Na
106,33361.0,2.0,9.391161016315266,3359571456.0,0808G1-0p15M-AlOH3-3M-NaOH-D2O/23Na-5th-2752Hz-50C-32ctF.ft,0.15,,3.0,50,2752,,,32,23Na
107,33482.0,3.0,2.0,1584970.5,0808G1-0p15M-AlOH3-3M-NaOH-D2O/23Na-5th-2752Hz-50C-32ctF.ft,0.15,,3.0,50,2752,,,32,23Na
108,33485.0,4.0,0.0,515050.0,0808G1-0p15M-AlOH3-3M-NaOH-D2O/23Na-5th-2752Hz-50C-32ctF.ft,0.15,,3.0,50,2752,,,32,23Na
109,33489.0,5.0,1.0,1037729.0,0808G1-0p15M-AlOH3-3M-NaOH-D2O/23Na-5th-2752Hz-50C-32ctF.ft,0.15,,3.0,50,2752,,,32,23Na
110,33279.0,1.0,0.0,518551.0,0808G1-0p15M-AlOH3-3M-NaOH-D2O/23Na-5th-2762Hz-40C-32ct.ft,0.15,,3.0,40,2762,,,32,23Na
111,33361.0,2.0,9.391161016315266,3359571456.0,0808G1-0p15M-AlOH3-3M-NaOH-D2O/23Na-5th-2762Hz-40C-32ct.ft,0.15,,3.0,40,2762,,,32,23Na
112,33482.0,3.0,2.0,1584970.5,0808G1-0p15M-AlOH3-3M-NaOH-D2O/23Na-5th-2762Hz-40C-32ct.ft,0.15,,3.0,40,2762,,,32,23Na
113,33485.0,4.0,0.0,515050.0,0808G1-0p15M-AlOH3-3M-NaOH-D2O/23Na-5th-2762Hz-40C-32ct.ft,0.15,,3.0,40,2762,,,32,23Na
114,33489.0,5.0,1.0,1037729.0,0808G1-0p15M-AlOH3-3M-NaOH-D2O/23Na-5th-2762Hz-40C-32ct.ft,0.15,,3.0,40,2762,,,32,23Na
115,33279.0,1.0,0.0,518551.0,0808G1-0p15M-AlOH3-3M-NaOH-D2O/23Na-5th-2762Hz-40C-32ctF.ft,0.15,,3.0,40,2762,,,32,23Na
116,33361.0,2.0,9.391161016315266,3359571456.0,0808G1-0p15M-AlOH3-3M-NaOH-D2O/23Na-5th-2762Hz-40C-32ctF.ft,0.15,,3.0,40,2762,,,32,23Na
117,33482.0,3.0,2.0,1584970.5,0808G1-0p15M-AlOH3-3M-NaOH-D2O/23Na-5th-2762Hz-40C-32ctF.ft,0.15,,3.0,40,2762,,,32,23Na
118,33485.0,4.0,0.0,515050.0,0808G1-0p15M-AlOH3-3M-NaOH-D2O/23Na-5th-2762Hz-40C-32ctF.ft,0.15,,3.0,40,2762,,,32,23Na
119,33489.0,5.0,1.0,1037729.0,0808G1-0p15M-AlOH3-3M-NaOH-D2O/23Na-5th-2762Hz-40C-32ctF.ft,0.15,,3.0,40,2762,,,32,23Na
120,33279.0,1.0,0.0,518551.0,0808G1-0p15M-AlOH3-3M-NaOH-D2O/23Na-5th-2767Hz-25C-32ct.ft,0.15,,3.0,25,2767,,,32,23Na
121,33361.0,2.0,9.391161016315266,3359571456.0,0808G1-0p15M-AlOH3-3M-NaOH-D2O/23Na-5th-2767Hz-25C-32ct.ft,0.15,,3.0,25,2767,,,32,23Na
122,33482.0,3.0,2.0,1584970.5,0808G1-0p15M-AlOH3-3M-NaOH-D2O/23Na-5th-2767Hz-25C-32ct.ft,0.15,,3.0,25,2767,,,32,23Na
123,33485.0,4.0,0.0,515050.0,0808G1-0p15M-AlOH3-3M-NaOH-D2O/23Na-5th-2767Hz-25C-32ct.ft,0.15,,3.0,25,2767,,,32,23Na
124,33489.0,5.0,1.0,1037729.0,0808G1-0p15M-AlOH3-3M-NaOH-D2O/23Na-5th-2767Hz-25C-32ct.ft,0.15,,3.0,25,2767,,,32,23Na
125,33279.0,1.0,0.0,518551.0,0808G1-0p15M-AlOH3-3M-NaOH-D2O/23Na-5th-2767Hz-25C-32ctF.ft,0.15,,3.0,25,2767,,,32,23Na
126,33361.0,2.0,9.391161016315266,3359571456.0,0808G1-0p15M-AlOH3-3M-NaOH-D2O/23Na-5th-2767Hz-25C-32ctF.ft,0.15,,3.0,25,2767,,,32,23Na
127,33482.0,3.0,2.0,1584970.5,0808G1-0p15M-AlOH3-3M-NaOH-D2O/23Na-5th-2767Hz-25C-32ctF.ft,0.15,,3.0,25,2767,,,32,23Na
128,33485.0,4.0,0.0,515050.0,0808G1-0p15M-AlOH3-3M-NaOH-D2O/23Na-5th-2767Hz-25C-32ctF.ft,0.15,,3.0,25,2767,,,32,23Na
129,33489.0,5.0,1.0,1037729.0,0808G1-0p15M-AlOH3-3M-NaOH-D2O/23Na-5th-2767Hz-25C-32ctF.ft,0.15,,3.0,25,2767,,,32,23Na
130,33279.0,1.0,0.0,518551.0,0808G1-0p15M-AlOH3-3M-NaOH-D2O/23Na-concentrated-Gibbsite-2730Hz-140C-32ct.ft,0.15,,3.0,140,2730,Gibbsite,,32,23Na
131,33361.0,2.0,9.391161016315266,3359571456.0,0808G1-0p15M-AlOH3-3M-NaOH-D2O/23Na-concentrated-Gibbsite-2730Hz-140C-32ct.ft,0.15,,3.0,140,2730,Gibbsite,,32,23Na
132,33482.0,3.0,2.0,1584970.5,0808G1-0p15M-AlOH3-3M-NaOH-D2O/23Na-concentrated-Gibbsite-2730Hz-140C-32ct.ft,0.15,,3.0,140,2730,Gibbsite,,32,23Na
133,33485.0,4.0,0.0,515050.0,0808G1-0p15M-AlOH3-3M-NaOH-D2O/23Na-concentrated-Gibbsite-2730Hz-140C-32ct.ft,0.15,,3.0,140,2730,Gibbsite,,32,23Na
134,33489.0,5.0,1.0,1037729.0,0808G1-0p15M-AlOH3-3M-NaOH-D2O/23Na-concentrated-Gibbsite-2730Hz-140C-32ct.ft,0.15,,3.0,140,2730,Gibbsite,,32,23Na
135,33279.0,1.0,0.0,518551.0,0808G1-0p15M-AlOH3-3M-NaOH-D2O/23Na-concentrated-Gibbsite-2730Hz-140C-32ctF.ft,0.15,,3.0,140,2730,Gibbsite,,32,23Na
136,33361.0,2.0,9.391161016315266,3359571456.0,0808G1-0p15M-AlOH3-3M-NaOH-D2O/23Na-concentrated-Gibbsite-2730Hz-140C-32ctF.ft,0.15,,3.0,140,2730,Gibbsite,,32,23Na
137,33482.0,3.0,2.0,1584970.5,0808G1-0p15M-AlOH3-3M-NaOH-D2O/23Na-concentrated-Gibbsite-2730Hz-140C-32ctF.ft,0.15,,3.0,140,2730,Gibbsite,,32,23Na
138,33485.0,4.0,0.0,515050.0,0808G1-0p15M-AlOH3-3M-NaOH-D2O/23Na-concentrated-Gibbsite-2730Hz-140C-32ctF.ft,0.15,,3.0,140,2730,Gibbsite,,32,23Na
139,33489.0,5.0,1.0,1037729.0,0808G1-0p15M-AlOH3-3M-NaOH-D2O/23Na-concentrated-Gibbsite-2730Hz-140C-32ctF.ft,0.15,,3.0,140,2730,Gibbsite,,32,23Na
140,33279.0,1.0,0.0,518551.0,0808G1-0p15M-AlOH3-3M-NaOH-D2O/23Na-concentrated-Gibbsite-2735Hz-130C-32ct.ft,0.15,,3.0,130,2735,Gibbsite,,32,23Na
141,33361.0,2.0,9.391161016315266,3359571456.0,0808G1-0p15M-AlOH3-3M-NaOH-D2O/23Na-concentrated-Gibbsite-2735Hz-130C-32ct.ft,0.15,,3.0,130,2735,Gibbsite,,32,23Na
142,33482.0,3.0,2.0,1584970.5,0808G1-0p15M-AlOH3-3M-NaOH-D2O/23Na-concentrated-Gibbsite-2735Hz-130C-32ct.ft,0.15,,3.0,130,2735,Gibbsite,,32,23Na
143,33485.0,4.0,0.0,515050.0,0808G1-0p15M-AlOH3-3M-NaOH-D2O/23Na-concentrated-Gibbsite-2735Hz-130C-32ct.ft,0.15,,3.0,130,2735,Gibbsite,,32,23Na
144,33489.0,5.0,1.0,1037729.0,0808G1-0p15M-AlOH3-3M-NaOH-D2O/23Na-concentrated-Gibbsite-2735Hz-130C-32ct.ft,0.15,,3.0,130,2735,Gibbsite,,32,23Na
145,33279.0,1.0,0.0,518551.0,0808G1-0p15M-AlOH3-3M-NaOH-D2O/23Na-concentrated-Gibbsite-2735Hz-130C-32ctF.ft,0.15,,3.0,130,2735,Gibbsite,,32,23Na
146,33361.0,2.0,9.391161016315266,3359571456.0,0808G1-0p15M-AlOH3-3M-NaOH-D2O/23Na-concentrated-Gibbsite-2735Hz-130C-32ctF.ft,0.15,,3.0,130,2735,Gibbsite,,32,23Na
147,33482.0,3.0,2.0,1584970.5,0808G1-0p15M-AlOH3-3M-NaOH-D2O/23Na-concentrated-Gibbsite-2735Hz-130C-32ctF.ft,0.15,,3.0,130,2735,Gibbsite,,32,23Na
148,33485.0,4.0,0.0,515050.0,0808G1-0p15M-AlOH3-3M-NaOH-D2O/23Na-concentrated-Gibbsite-2735Hz-130C-32ctF.ft,0.15,,3.0,130,2735,Gibbsite,,32,23Na
149,33489.0,5.0,1.0,1037729.0,0808G1-0p15M-AlOH3-3M-NaOH-D2O/23Na-concentrated-Gibbsite-2735Hz-130C-32ctF.ft,0.15,,3.0,130,2735,Gibbsite,,32,23Na
150,33279.0,1.0,0.0,518551.0,0808G1-0p15M-AlOH3-3M-NaOH-D2O/23Na-concentrated-Gibbsite-2744Hz-110C-32ct.ft,0.15,,3.0,110,2744,Gibbsite,,32,23Na
151,33361.0,2.0,9.391161016315266,3359571456.0,0808G1-0p15M-AlOH3-3M-NaOH-D2O/23Na-concentrated-Gibbsite-2744Hz-110C-32ct.ft,0.15,,3.0,110,2744,Gibbsite,,32,23Na
152,33482.0,3.0,2.0,1584970.5,0808G1-0p15M-AlOH3-3M-NaOH-D2O/23Na-concentrated-Gibbsite-2744Hz-110C-32ct.ft,0.15,,3.0,110,2744,Gibbsite,,32,23Na
153,33485.0,4.0,0.0,515050.0,0808G1-0p15M-AlOH3-3M-NaOH-D2O/23Na-concentrated-Gibbsite-2744Hz-110C-32ct.ft,0.15,,3.0,110,2744,Gibbsite,,32,23Na
154,33489.0,5.0,1.0,1037729.0,0808G1-0p15M-AlOH3-3M-NaOH-D2O/23Na-concentrated-Gibbsite-2744Hz-110C-32ct.ft,0.15,,3.0,110,2744,Gibbsite,,32,23Na
155,33279.0,1.0,0.0,518551.0,0808G1-0p15M-AlOH3-3M-NaOH-D2O/23Na-concentrated-Gibbsite-2744Hz-110C-32ctF.ft,0.15,,3.0,110,2744,Gibbsite,,32,23Na
156,33361.0,2.0,9.391161016315266,3359571456.0,0808G1-0p15M-AlOH3-3M-NaOH-D2O/23Na-concentrated-Gibbsite-2744Hz-110C-32ctF.ft,0.15,,3.0,110,2744,Gibbsite,,32,23Na
157,33482.0,3.0,2.0,1584970.5,0808G1-0p15M-AlOH3-3M-NaOH-D2O/23Na-concentrated-Gibbsite-2744Hz-110C-32ctF.ft,0.15,,3.0,110,2744,Gibbsite,,32,23Na
158,33485.0,4.0,0.0,515050.0,0808G1-0p15M-AlOH3-3M-NaOH-D2O/23Na-concentrated-Gibbsite-2744Hz-110C-32ctF.ft,0.15,,3.0,110,2744,Gibbsite,,32,23Na
159,33489.0,5.0,1.0,1037729.0,0808G1-0p15M-AlOH3-3M-NaOH-D2O/23Na-concentrated-Gibbsite-2744Hz-110C-32ctF.ft,0.15,,3.0,110,2744,Gibbsite,,32,23Na
160,33279.0,1.0,0.0,518551.0,0808G1-0p15M-AlOH3-3M-NaOH-D2O/23Na-concentrated-Gibbsite-2755Hz-90C-32ct.ft,0.15,,3.0,90,2755,Gibbsite,,32,23Na
161,33361.0,2.0,9.391161016315266,3359571456.0,0808G1-0p15M-AlOH3-3M-NaOH-D2O/23Na-concentrated-Gibbsite-2755Hz-90C-32ct.ft,0.15,,3.0,90,2755,Gibbsite,,32,23Na
162,33482.0,3.0,2.0,1584970.5,0808G1-0p15M-AlOH3-3M-NaOH-D2O/23Na-concentrated-Gibbsite-2755Hz-90C-32ct.ft,0.15,,3.0,90,2755,Gibbsite,,32,23Na
163,33485.0,4.0,0.0,515050.0,0808G1-0p15M-AlOH3-3M-NaOH-D2O/23Na-concentrated-Gibbsite-2755Hz-90C-32ct.ft,0.15,,3.0,90,2755,Gibbsite,,32,23Na
164,33489.0,5.0,1.0,1037729.0,0808G1-0p15M-AlOH3-3M-NaOH-D2O/23Na-concentrated-Gibbsite-2755Hz-90C-32ct.ft,0.15,,3.0,90,2755,Gibbsite,,32,23Na
165,33279.0,1.0,0.0,518551.0,0808G1-0p15M-AlOH3-3M-NaOH-D2O/23Na-concentrated-Gibbsite-2755Hz-90C-32ctF.ft,0.15,,3.0,90,2755,Gibbsite,,32,23Na
166,33361.0,2.0,9.391161016315266,3359571456.0,0808G1-0p15M-AlOH3-3M-NaOH-D2O/23Na-concentrated-Gibbsite-2755Hz-90C-32ctF.ft,0.15,,3.0,90,2755,Gibbsite,,32,23Na
167,33482.0,3.0,2.0,1584970.5,0808G1-0p15M-AlOH3-3M-NaOH-D2O/23Na-concentrated-Gibbsite-2755Hz-90C-32ctF.ft,0.15,,3.0,90,2755,Gibbsite,,32,23Na
168,33485.0,4.0,0.0,515050.0,0808G1-0p15M-AlOH3-3M-NaOH-D2O/23Na-concentrated-Gibbsite-2755Hz-90C-32ctF.ft,0.15,,3.0,90,2755,Gibbsite,,32,23Na
169,33489.0,5.0,1.0,1037729.0,0808G1-0p15M-AlOH3-3M-NaOH-D2O/23Na-concentrated-Gibbsite-2755Hz-90C-32ctF.ft,0.15,,3.0,90,2755,Gibbsite,,32,23Na
170,33279.0,1.0,0.0,518551.0,0808G1-0p15M-AlOH3-3M-NaOH-D2O/23Na-concentrated-Gibbsite-2767Hz-170C-32ct.ft,0.15,,3.0,170,2767,Gibbsite,,32,23Na
171,33361.0,2.0,9.391161016315266,3359571456.0,0808G1-0p15M-AlOH3-3M-NaOH-D2O/23Na-concentrated-Gibbsite-2767Hz-170C-32ct.ft,0.15,,3.0,170,2767,Gibbsite,,32,23Na
172,33482.0,3.0,2.0,1584970.5,0808G1-0p15M-AlOH3-3M-NaOH-D2O/23Na-concentrated-Gibbsite-2767Hz-170C-32ct.ft,0.15,,3.0,170,2767,Gibbsite,,32,23Na
173,33485.0,4.0,0.0,515050.0,0808G1-0p15M-AlOH3-3M-NaOH-D2O/23Na-concentrated-Gibbsite-2767Hz-170C-32ct.ft,0.15,,3.0,170,2767,Gibbsite,,32,23Na
174,33489.0,5.0,1.0,1037729.0,0808G1-0p15M-AlOH3-3M-NaOH-D2O/23Na-concentrated-Gibbsite-2767Hz-170C-32ct.ft,0.15,,3.0,170,2767,Gibbsite,,32,23Na
175,33279.0,1.0,0.0,518551.0,0808G1-0p15M-AlOH3-3M-NaOH-D2O/23Na-concentrated-Gibbsite-2767Hz-170C-32ctF.ft,0.15,,3.0,170,2767,Gibbsite,,32,23Na
176,33361.0,2.0,9.391161016315266,3359571456.0,0808G1-0p15M-AlOH3-3M-NaOH-D2O/23Na-concentrated-Gibbsite-2767Hz-170C-32ctF.ft,0.15,,3.0,170,2767,Gibbsite,,32,23Na
177,33482.0,3.0,2.0,1584970.5,0808G1-0p15M-AlOH3-3M-NaOH-D2O/23Na-concentrated-Gibbsite-2767Hz-170C-32ctF.ft,0.15,,3.0,170,2767,Gibbsite,,32,23Na
178,33485.0,4.0,0.0,515050.0,0808G1-0p15M-AlOH3-3M-NaOH-D2O/23Na-concentrated-Gibbsite-2767Hz-170C-32ctF.ft,0.15,,3.0,170,2767,Gibbsite,,32,23Na
179,33489.0,5.0,1.0,1037729.0,0808G1-0p15M-AlOH3-3M-NaOH-D2O/23Na-concentrated-Gibbsite-2767Hz-170C-32ctF.ft,0.15,,3.0,170,2767,Gibbsite,,32,23Na
180,33279.0,1.0,0.0,518551.0,0808G1-0p15M-AlOH3-3M-NaOH-D2O/23Na-concentrated-Gibbsite-2770Hz-70C-32ct.ft,0.15,,3.0,70,2770,Gibbsite,,32,23Na
181,33361.0,2.0,9.391161016315266,3359571456.0,0808G1-0p15M-AlOH3-3M-NaOH-D2O/23Na-concentrated-Gibbsite-2770Hz-70C-32ct.ft,0.15,,3.0,70,2770,Gibbsite,,32,23Na
182,33482.0,3.0,2.0,1584970.5,0808G1-0p15M-AlOH3-3M-NaOH-D2O/23Na-concentrated-Gibbsite-2770Hz-70C-32ct.ft,0.15,,3.0,70,2770,Gibbsite,,32,23Na
183,33485.0,4.0,0.0,515050.0,0808G1-0p15M-AlOH3-3M-NaOH-D2O/23Na-concentrated-Gibbsite-2770Hz-70C-32ct.ft,0.15,,3.0,70,2770,Gibbsite,,32,23Na
184,33489.0,5.0,1.0,1037729.0,0808G1-0p15M-AlOH3-3M-NaOH-D2O/23Na-concentrated-Gibbsite-2770Hz-70C-32ct.ft,0.15,,3.0,70,2770,Gibbsite,,32,23Na
185,33279.0,1.0,0.0,518551.0,0808G1-0p15M-AlOH3-3M-NaOH-D2O/23Na-concentrated-Gibbsite-2770Hz-70C-32ctF.ft,0.15,,3.0,70,2770,Gibbsite,,32,23Na
186,33361.0,2.0,9.391161016315266,3359571456.0,0808G1-0p15M-AlOH3-3M-NaOH-D2O/23Na-concentrated-Gibbsite-2770Hz-70C-32ctF.ft,0.15,,3.0,70,2770,Gibbsite,,32,23Na
187,33482.0,3.0,2.0,1584970.5,0808G1-0p15M-AlOH3-3M-NaOH-D2O/23Na-concentrated-Gibbsite-2770Hz-70C-32ctF.ft,0.15,,3.0,70,2770,Gibbsite,,32,23Na
188,33485.0,4.0,0.0,515050.0,0808G1-0p15M-AlOH3-3M-NaOH-D2O/23Na-concentrated-Gibbsite-2770Hz-70C-32ctF.ft,0.15,,3.0,70,2770,Gibbsite,,32,23Na
189,33489.0,5.0,1.0,1037729.0,0808G1-0p15M-AlOH3-3M-NaOH-D2O/23Na-concentrated-Gibbsite-2770Hz-70C-32ctF.ft,0.15,,3.0,70,2770,Gibbsite,,32,23Na
190,33279.0,1.0,0.0,518551.0,0808G1-0p15M-AlOH3-3M-NaOH-D2O/23Na-concentrated-Gibbsite-2782Hz-50C-32ct.ft,0.15,,3.0,50,2782,Gibbsite,,32,23Na
191,33361.0,2.0,9.391161016315266,3359571456.0,0808G1-0p15M-AlOH3-3M-NaOH-D2O/23Na-concentrated-Gibbsite-2782Hz-50C-32ct.ft,0.15,,3.0,50,2782,Gibbsite,,32,23Na
192,33482.0,3.0,2.0,1584970.5,0808G1-0p15M-AlOH3-3M-NaOH-D2O/23Na-concentrated-Gibbsite-2782Hz-50C-32ct.ft,0.15,,3.0,50,2782,Gibbsite,,32,23Na
193,33485.0,4.0,0.0,515050.0,0808G1-0p15M-AlOH3-3M-NaOH-D2O/23Na-concentrated-Gibbsite-2782Hz-50C-32ct.ft,0.15,,3.0,50,2782,Gibbsite,,32,23Na
194,33489.0,5.0,1.0,1037729.0,0808G1-0p15M-AlOH3-3M-NaOH-D2O/23Na-concentrated-Gibbsite-2782Hz-50C-32ct.ft,0.15,,3.0,50,2782,Gibbsite,,32,23Na
195,33279.0,1.0,0.0,518551.0,0808G1-0p15M-AlOH3-3M-NaOH-D2O/23Na-concentrated-Gibbsite-2782Hz-50C-32ctF.ft,0.15,,3.0,50,2782,Gibbsite,,32,23Na
196,33361.0,2.0,9.391161016315266,3359571456.0,0808G1-0p15M-AlOH3-3M-NaOH-D2O/23Na-concentrated-Gibbsite-2782Hz-50C-32ctF.ft,0.15,,3.0,50,2782,Gibbsite,,32,23Na
197,33482.0,3.0,2.0,1584970.5,0808G1-0p15M-AlOH3-3M-NaOH-D2O/23Na-concentrated-Gibbsite-2782Hz-50C-32ctF.ft,0.15,,3.0,50,2782,Gibbsite,,32,23Na
198,33485.0,4.0,0.0,515050.0,0808G1-0p15M-AlOH3-3M-NaOH-D2O/23Na-concentrated-Gibbsite-2782Hz-50C-32ctF.ft,0.15,,3.0,50,2782,Gibbsite,,32,23Na
199,33489.0,5.0,1.0,1037729.0,0808G1-0p15M-AlOH3-3M-NaOH-D2O/23Na-concentrated-Gibbsite-2782Hz-50C-32ctF.ft,0.15,,3.0,50,2782,Gibbsite,,32,23Na
200,33279.0,1.0,0.0,518551.0,0808G1-0p15M-AlOH3-3M-NaOH-D2O/23Na-concentrated-Gibbsite-2795Hz-25C-32ct.ft,0.15,,3.0,25,2795,Gibbsite,,32,23Na
201,33361.0,2.0,9.391161016315266,3359571456.0,0808G1-0p15M-AlOH3-3M-NaOH-D2O/23Na-concentrated-Gibbsite-2795Hz-25C-32ct.ft,0.15,,3.0,25,2795,Gibbsite,,32,23Na
202,33482.0,3.0,2.0,1584970.5,0808G1-0p15M-AlOH3-3M-NaOH-D2O/23Na-concentrated-Gibbsite-2795Hz-25C-32ct.ft,0.15,,3.0,25,2795,Gibbsite,,32,23Na
203,33485.0,4.0,0.0,515050.0,0808G1-0p15M-AlOH3-3M-NaOH-D2O/23Na-concentrated-Gibbsite-2795Hz-25C-32ct.ft,0.15,,3.0,25,2795,Gibbsite,,32,23Na
204,33489.0,5.0,1.0,1037729.0,0808G1-0p15M-AlOH3-3M-NaOH-D2O/23Na-concentrated-Gibbsite-2795Hz-25C-32ct.ft,0.15,,3.0,25,2795,Gibbsite,,32,23Na
205,33279.0,1.0,0.0,518551.0,0808G1-0p15M-AlOH3-3M-NaOH-D2O/23Na-concentrated-Gibbsite-2795Hz-25C-32ctF.ft,0.15,,3.0,25,2795,Gibbsite,,32,23Na
206,33361.0,2.0,9.391161016315266,3359571456.0,0808G1-0p15M-AlOH3-3M-NaOH-D2O/23Na-concentrated-Gibbsite-2795Hz-25C-32ctF.ft,0.15,,3.0,25,2795,Gibbsite,,32,23Na
207,33482.0,3.0,2.0,1584970.5,0808G1-0p15M-AlOH3-3M-NaOH-D2O/23Na-concentrated-Gibbsite-2795Hz-25C-32ctF.ft,0.15,,3.0,25,2795,Gibbsite,,32,23Na
208,33485.0,4.0,0.0,515050.0,0808G1-0p15M-AlOH3-3M-NaOH-D2O/23Na-concentrated-Gibbsite-2795Hz-25C-32ctF.ft,0.15,,3.0,25,2795,Gibbsite,,32,23Na
209,33489.0,5.0,1.0,1037729.0,0808G1-0p15M-AlOH3-3M-NaOH-D2O/23Na-concentrated-Gibbsite-2795Hz-25C-32ctF.ft,0.15,,3.0,25,2795,Gibbsite,,32,23Na
210,33279.0,1.0,0.0,518551.0,0808G1-0p15M-AlOH3-3M-NaOH-D2O/27Al-2nd-2740Hz-25C-128ct.ft,0.15,,3.0,25,2740,,,128,27Al
211,33361.0,2.0,9.391161016315266,3359571456.0,0808G1-0p15M-AlOH3-3M-NaOH-D2O/27Al-2nd-2740Hz-25C-128ct.ft,0.15,,3.0,25,2740,,,128,27Al
212,33482.0,3.0,2.0,1584970.5,0808G1-0p15M-AlOH3-3M-NaOH-D2O/27Al-2nd-2740Hz-25C-128ct.ft,0.15,,3.0,25,2740,,,128,27Al
213,33485.0,4.0,0.0,515050.0,0808G1-0p15M-AlOH3-3M-NaOH-D2O/27Al-2nd-2740Hz-25C-128ct.ft,0.15,,3.0,25,2740,,,128,27Al
214,33489.0,5.0,1.0,1037729.0,0808G1-0p15M-AlOH3-3M-NaOH-D2O/27Al-2nd-2740Hz-25C-128ct.ft,0.15,,3.0,25,2740,,,128,27Al
215,33279.0,1.0,0.0,518551.0,0808G1-0p15M-AlOH3-3M-NaOH-D2O/27Al-2nd-2740Hz-25C-128ctF.ft,0.15,,3.0,25,2740,,,128,27Al
216,33361.0,2.0,9.391161016315266,3359571456.0,0808G1-0p15M-AlOH3-3M-NaOH-D2O/27Al-2nd-2740Hz-25C-128ctF.ft,0.15,,3.0,25,2740,,,128,27Al
217,33482.0,3.0,2.0,1584970.5,0808G1-0p15M-AlOH3-3M-NaOH-D2O/27Al-2nd-2740Hz-25C-128ctF.ft,0.15,,3.0,25,2740,,,128,27Al
218,33485.0,4.0,0.0,515050.0,0808G1-0p15M-AlOH3-3M-NaOH-D2O/27Al-2nd-2740Hz-25C-128ctF.ft,0.15,,3.0,25,2740,,,128,27Al
219,33489.0,5.0,1.0,1037729.0,0808G1-0p15M-AlOH3-3M-NaOH-D2O/27Al-2nd-2740Hz-25C-128ctF.ft,0.15,,3.0,25,2740,,,128,27Al
220,33279.0,1.0,0.0,518551.0,0808G1-0p15M-AlOH3-3M-NaOH-D2O/27Al-5th-2671Hz-130C-600ct.ft,0.15,,3.0,130,2671,,,600,27Al
221,33361.0,2.0,9.391161016315266,3359571456.0,0808G1-0p15M-AlOH3-3M-NaOH-D2O/27Al-5th-2671Hz-130C-600ct.ft,0.15,,3.0,130,2671,,,600,27Al
222,33482.0,3.0,2.0,1584970.5,0808G1-0p15M-AlOH3-3M-NaOH-D2O/27Al-5th-2671Hz-130C-600ct.ft,0.15,,3.0,130,2671,,,600,27Al
223,33485.0,4.0,0.0,515050.0,0808G1-0p15M-AlOH3-3M-NaOH-D2O/27Al-5th-2671Hz-130C-600ct.ft,0.15,,3.0,130,2671,,,600,27Al
224,33489.0,5.0,1.0,1037729.0,0808G1-0p15M-AlOH3-3M-NaOH-D2O/27Al-5th-2671Hz-130C-600ct.ft,0.15,,3.0,130,2671,,,600,27Al
225,33279.0,1.0,0.0,518551.0,0808G1-0p15M-AlOH3-3M-NaOH-D2O/27Al-5th-2671Hz-130C-600ctF.ft,0.15,,3.0,130,2671,,,600,27Al
226,33361.0,2.0,9.391161016315266,3359571456.0,0808G1-0p15M-AlOH3-3M-NaOH-D2O/27Al-5th-2671Hz-130C-600ctF.ft,0.15,,3.0,130,2671,,,600,27Al
227,33482.0,3.0,2.0,1584970.5,0808G1-0p15M-AlOH3-3M-NaOH-D2O/27Al-5th-2671Hz-130C-600ctF.ft,0.15,,3.0,130,2671,,,600,27Al
228,33485.0,4.0,0.0,515050.0,0808G1-0p15M-AlOH3-3M-NaOH-D2O/27Al-5th-2671Hz-130C-600ctF.ft,0.15,,3.0,130,2671,,,600,27Al
229,33489.0,5.0,1.0,1037729.0,0808G1-0p15M-AlOH3-3M-NaOH-D2O/27Al-5th-2671Hz-130C-600ctF.ft,0.15,,3.0,130,2671,,,600,27Al
230,33279.0,1.0,0.0,518551.0,0808G1-0p15M-AlOH3-3M-NaOH-D2O/27Al-5th-2681Hz-120C-600ct.ft,0.15,,3.0,120,2681,,,600,27Al
231,33361.0,2.0,9.391161016315266,3359571456.0,0808G1-0p15M-AlOH3-3M-NaOH-D2O/27Al-5th-2681Hz-120C-600ct.ft,0.15,,3.0,120,2681,,,600,27Al
232,33482.0,3.0,2.0,1584970.5,0808G1-0p15M-AlOH3-3M-NaOH-D2O/27Al-5th-2681Hz-120C-600ct.ft,0.15,,3.0,120,2681,,,600,27Al
233,33485.0,4.0,0.0,515050.0,0808G1-0p15M-AlOH3-3M-NaOH-D2O/27Al-5th-2681Hz-120C-600ct.ft,0.15,,3.0,120,2681,,,600,27Al
234,33489.0,5.0,1.0,1037729.0,0808G1-0p15M-AlOH3-3M-NaOH-D2O/27Al-5th-2681Hz-120C-600ct.ft,0.15,,3.0,120,2681,,,600,27Al
235,33279.0,1.0,0.0,518551.0,0808G1-0p15M-AlOH3-3M-NaOH-D2O/27Al-5th-2681Hz-120C-600ctF.ft,0.15,,3.0,120,2681,,,600,27Al
236,33361.0,2.0,9.391161016315266,3359571456.0,0808G1-0p15M-AlOH3-3M-NaOH-D2O/27Al-5th-2681Hz-120C-600ctF.ft,0.15,,3.0,120,2681,,,600,27Al
237,33482.0,3.0,2.0,1584970.5,0808G1-0p15M-AlOH3-3M-NaOH-D2O/27Al-5th-2681Hz-120C-600ctF.ft,0.15,,3.0,120,2681,,,600,27Al
238,33485.0,4.0,0.0,515050.0,0808G1-0p15M-AlOH3-3M-NaOH-D2O/27Al-5th-2681Hz-120C-600ctF.ft,0.15,,3.0,120,2681,,,600,27Al
239,33489.0,5.0,1.0,1037729.0,0808G1-0p15M-AlOH3-3M-NaOH-D2O/27Al-5th-2681Hz-120C-600ctF.ft,0.15,,3.0,120,2681,,,600,27Al
240,33279.0,1.0,0.0,518551.0,0808G1-0p15M-AlOH3-3M-NaOH-D2O/27Al-5th-2691Hz-110C-600ct.ft,0.15,,3.0,110,2691,,,600,27Al
241,33361.0,2.0,9.391161016315266,3359571456.0,0808G1-0p15M-AlOH3-3M-NaOH-D2O/27Al-5th-2691Hz-110C-600ct.ft,0.15,,3.0,110,2691,,,600,27Al
242,33482.0,3.0,2.0,1584970.5,0808G1-0p15M-AlOH3-3M-NaOH-D2O/27Al-5th-2691Hz-110C-600ct.ft,0.15,,3.0,110,2691,,,600,27Al
243,33485.0,4.0,0.0,515050.0,0808G1-0p15M-AlOH3-3M-NaOH-D2O/27Al-5th-2691Hz-110C-600ct.ft,0.15,,3.0,110,2691,,,600,27Al
244,33489.0,5.0,1.0,1037729.0,0808G1-0p15M-AlOH3-3M-NaOH-D2O/27Al-5th-2691Hz-110C-600ct.ft,0.15,,3.0,110,2691,,,600,27Al
245,33279.0,1.0,0.0,518551.0,0808G1-0p15M-AlOH3-3M-NaOH-D2O/27Al-5th-2691Hz-110C-600ctF.ft,0.15,,3.0,110,2691,,,600,27Al
246,33361.0,2.0,9.391161016315266,3359571456.0,0808G1-0p15M-AlOH3-3M-NaOH-D2O/27Al-5th-2691Hz-110C-600ctF.ft,0.15,,3.0,110,2691,,,600,27Al
247,33482.0,3.0,2.0,1584970.5,0808G1-0p15M-AlOH3-3M-NaOH-D2O/27Al-5th-2691Hz-110C-600ctF.ft,0.15,,3.0,110,2691,,,600,27Al
248,33485.0,4.0,0.0,515050.0,0808G1-0p15M-AlOH3-3M-NaOH-D2O/27Al-5th-2691Hz-110C-600ctF.ft,0.15,,3.0,110,2691,,,600,27Al
249,33489.0,5.0,1.0,1037729.0,0808G1-0p15M-AlOH3-3M-NaOH-D2O/27Al-5th-2691Hz-110C-600ctF.ft,0.15,,3.0,110,2691,,,600,27Al
250,33279.0,1.0,0.0,518551.0,0808G1-0p15M-AlOH3-3M-NaOH-D2O/27Al-5th-2700Hz-100C-600ct.ft,0.15,,3.0,100,2700,,,600,27Al
251,33361.0,2.0,9.391161016315266,3359571456.0,0808G1-0p15M-AlOH3-3M-NaOH-D2O/27Al-5th-2700Hz-100C-600ct.ft,0.15,,3.0,100,2700,,,600,27Al
252,33482.0,3.0,2.0,1584970.5,0808G1-0p15M-AlOH3-3M-NaOH-D2O/27Al-5th-2700Hz-100C-600ct.ft,0.15,,3.0,100,2700,,,600,27Al
253,33485.0,4.0,0.0,515050.0,0808G1-0p15M-AlOH3-3M-NaOH-D2O/27Al-5th-2700Hz-100C-600ct.ft,0.15,,3.0,100,2700,,,600,27Al
254,33489.0,5.0,1.0,1037729.0,0808G1-0p15M-AlOH3-3M-NaOH-D2O/27Al-5th-2700Hz-100C-600ct.ft,0.15,,3.0,100,2700,,,600,27Al
255,33279.0,1.0,0.0,518551.0,0808G1-0p15M-AlOH3-3M-NaOH-D2O/27Al-5th-2700Hz-100C-600ctF.ft,0.15,,3.0,100,2700,,,600,27Al
256,33361.0,2.0,9.391161016315266,3359571456.0,0808G1-0p15M-AlOH3-3M-NaOH-D2O/27Al-5th-2700Hz-100C-600ctF.ft,0.15,,3.0,100,2700,,,600,27Al
257,33482.0,3.0,2.0,1584970.5,0808G1-0p15M-AlOH3-3M-NaOH-D2O/27Al-5th-2700Hz-100C-600ctF.ft,0.15,,3.0,100,2700,,,600,27Al
258,33485.0,4.0,0.0,515050.0,0808G1-0p15M-AlOH3-3M-NaOH-D2O/27Al-5th-2700Hz-100C-600ctF.ft,0.15,,3.0,100,2700,,,600,27Al
259,33489.0,5.0,1.0,1037729.0,0808G1-0p15M-AlOH3-3M-NaOH-D2O/27Al-5th-2700Hz-100C-600ctF.ft,0.15,,3.0,100,2700,,,600,27Al
260,33279.0,1.0,0.0,518551.0,0808G1-0p15M-AlOH3-3M-NaOH-D2O/27Al-5th-2710Hz-90C-600ct.ft,0.15,,3.0,90,2710,,,600,27Al
261,33361.0,2.0,9.391161016315266,3359571456.0,0808G1-0p15M-AlOH3-3M-NaOH-D2O/27Al-5th-2710Hz-90C-600ct.ft,0.15,,3.0,90,2710,,,600,27Al
262,33482.0,3.0,2.0,1584970.5,0808G1-0p15M-AlOH3-3M-NaOH-D2O/27Al-5th-2710Hz-90C-600ct.ft,0.15,,3.0,90,2710,,,600,27Al
263,33485.0,4.0,0.0,515050.0,0808G1-0p15M-AlOH3-3M-NaOH-D2O/27Al-5th-2710Hz-90C-600ct.ft,0.15,,3.0,90,2710,,,600,27Al
264,33489.0,5.0,1.0,1037729.0,0808G1-0p15M-AlOH3-3M-NaOH-D2O/27Al-5th-2710Hz-90C-600ct.ft,0.15,,3.0,90,2710,,,600,27Al
265,33279.0,1.0,0.0,518551.0,0808G1-0p15M-AlOH3-3M-NaOH-D2O/27Al-5th-2710Hz-90C-600ctF.ft,0.15,,3.0,90,2710,,,600,27Al
266,33361.0,2.0,9.391161016315266,3359571456.0,0808G1-0p15M-AlOH3-3M-NaOH-D2O/27Al-5th-2710Hz-90C-600ctF.ft,0.15,,3.0,90,2710,,,600,27Al
267,33482.0,3.0,2.0,1584970.5,0808G1-0p15M-AlOH3-3M-NaOH-D2O/27Al-5th-2710Hz-90C-600ctF.ft,0.15,,3.0,90,2710,,,600,27Al
268,33485.0,4.0,0.0,515050.0,0808G1-0p15M-AlOH3-3M-NaOH-D2O/27Al-5th-2710Hz-90C-600ctF.ft,0.15,,3.0,90,2710,,,600,27Al
269,33489.0,5.0,1.0,1037729.0,0808G1-0p15M-AlOH3-3M-NaOH-D2O/27Al-5th-2710Hz-90C-600ctF.ft,0.15,,3.0,90,2710,,,600,27Al
270,33279.0,1.0,0.0,518551.0,0808G1-0p15M-AlOH3-3M-NaOH-D2O/27Al-5th-2720Hz-80C-600ct.ft,0.15,,3.0,80,2720,,,600,27Al
271,33361.0,2.0,9.391161016315266,3359571456.0,0808G1-0p15M-AlOH3-3M-NaOH-D2O/27Al-5th-2720Hz-80C-600ct.ft,0.15,,3.0,80,2720,,,600,27Al
272,33482.0,3.0,2.0,1584970.5,0808G1-0p15M-AlOH3-3M-NaOH-D2O/27Al-5th-2720Hz-80C-600ct.ft,0.15,,3.0,80,2720,,,600,27Al
273,33485.0,4.0,0.0,515050.0,0808G1-0p15M-AlOH3-3M-NaOH-D2O/27Al-5th-2720Hz-80C-600ct.ft,0.15,,3.0,80,2720,,,600,27Al
274,33489.0,5.0,1.0,1037729.0,0808G1-0p15M-AlOH3-3M-NaOH-D2O/27Al-5th-2720Hz-80C-600ct.ft,0.15,,3.0,80,2720,,,600,27Al
275,33279.0,1.0,0.0,518551.0,0808G1-0p15M-AlOH3-3M-NaOH-D2O/27Al-5th-2720Hz-80C-600ctF.ft,0.15,,3.0,80,2720,,,600,27Al
276,33361.0,2.0,9.391161016315266,3359571456.0,0808G1-0p15M-AlOH3-3M-NaOH-D2O/27Al-5th-2720Hz-80C-600ctF.ft,0.15,,3.0,80,2720,,,600,27Al
277,33482.0,3.0,2.0,1584970.5,0808G1-0p15M-AlOH3-3M-NaOH-D2O/27Al-5th-2720Hz-80C-600ctF.ft,0.15,,3.0,80,2720,,,600,27Al
278,33485.0,4.0,0.0,515050.0,0808G1-0p15M-AlOH3-3M-NaOH-D2O/27Al-5th-2720Hz-80C-600ctF.ft,0.15,,3.0,80,2720,,,600,27Al
279,33489.0,5.0,1.0,1037729.0,0808G1-0p15M-AlOH3-3M-NaOH-D2O/27Al-5th-2720Hz-80C-600ctF.ft,0.15,,3.0,80,2720,,,600,27Al
280,33279.0,1.0,0.0,518551.0,0808G1-0p15M-AlOH3-3M-NaOH-D2O/27Al-5th-2732Hz-70C-600ct.ft,0.15,,3.0,70,2732,,,600,27Al
281,33361.0,2.0,9.391161016315266,3359571456.0,0808G1-0p15M-AlOH3-3M-NaOH-D2O/27Al-5th-2732Hz-70C-600ct.ft,0.15,,3.0,70,2732,,,600,27Al
282,33482.0,3.0,2.0,1584970.5,0808G1-0p15M-AlOH3-3M-NaOH-D2O/27Al-5th-2732Hz-70C-600ct.ft,0.15,,3.0,70,2732,,,600,27Al
283,33485.0,4.0,0.0,515050.0,0808G1-0p15M-AlOH3-3M-NaOH-D2O/27Al-5th-2732Hz-70C-600ct.ft,0.15,,3.0,70,2732,,,600,27Al
284,33489.0,5.0,1.0,1037729.0,0808G1-0p15M-AlOH3-3M-NaOH-D2O/27Al-5th-2732Hz-70C-600ct.ft,0.15,,3.0,70,2732,,,600,27Al
285,33279.0,1.0,0.0,518551.0,0808G1-0p15M-AlOH3-3M-NaOH-D2O/27Al-5th-2732Hz-70C-600ctF.ft,0.15,,3.0,70,2732,,,600,27Al
286,33361.0,2.0,9.391161016315266,3359571456.0,0808G1-0p15M-AlOH3-3M-NaOH-D2O/27Al-5th-2732Hz-70C-600ctF.ft,0.15,,3.0,70,2732,,,600,27Al
287,33482.0,3.0,2.0,1584970.5,0808G1-0p15M-AlOH3-3M-NaOH-D2O/27Al-5th-2732Hz-70C-600ctF.ft,0.15,,3.0,70,2732,,,600,27Al
288,33485.0,4.0,0.0,515050.0,0808G1-0p15M-AlOH3-3M-NaOH-D2O/27Al-5th-2732Hz-70C-600ctF.ft,0.15,,3.0,70,2732,,,600,27Al
289,33489.0,5.0,1.0,1037729.0,0808G1-0p15M-AlOH3-3M-NaOH-D2O/27Al-5th-2732Hz-70C-600ctF.ft,0.15,,3.0,70,2732,,,600,27Al
290,33279.0,1.0,0.0,518551.0,0808G1-0p15M-AlOH3-3M-NaOH-D2O/27Al-5th-2742Hz-60C-600ct.ft,0.15,,3.0,60,2742,,,600,27Al
291,33361.0,2.0,9.391161016315266,3359571456.0,0808G1-0p15M-AlOH3-3M-NaOH-D2O/27Al-5th-2742Hz-60C-600ct.ft,0.15,,3.0,60,2742,,,600,27Al
292,33482.0,3.0,2.0,1584970.5,0808G1-0p15M-AlOH3-3M-NaOH-D2O/27Al-5th-2742Hz-60C-600ct.ft,0.15,,3.0,60,2742,,,600,27Al
293,33485.0,4.0,0.0,515050.0,0808G1-0p15M-AlOH3-3M-NaOH-D2O/27Al-5th-2742Hz-60C-600ct.ft,0.15,,3.0,60,2742,,,600,27Al
294,33489.0,5.0,1.0,1037729.0,0808G1-0p15M-AlOH3-3M-NaOH-D2O/27Al-5th-2742Hz-60C-600ct.ft,0.15,,3.0,60,2742,,,600,27Al
295,33279.0,1.0,0.0,518551.0,0808G1-0p15M-AlOH3-3M-NaOH-D2O/27Al-5th-2742Hz-60C-600ctF.ft,0.15,,3.0,60,2742,,,600,27Al
296,33361.0,2.0,9.391161016315266,3359571456.0,0808G1-0p15M-AlOH3-3M-NaOH-D2O/27Al-5th-2742Hz-60C-600ctF.ft,0.15,,3.0,60,2742,,,600,27Al
297,33482.0,3.0,2.0,1584970.5,0808G1-0p15M-AlOH3-3M-NaOH-D2O/27Al-5th-2742Hz-60C-600ctF.ft,0.15,,3.0,60,2742,,,600,27Al
298,33485.0,4.0,0.0,515050.0,0808G1-0p15M-AlOH3-3M-NaOH-D2O/27Al-5th-2742Hz-60C-600ctF.ft,0.15,,3.0,60,2742,,,600,27Al
299,33489.0,5.0,1.0,1037729.0,0808G1-0p15M-AlOH3-3M-NaOH-D2O/27Al-5th-2742Hz-60C-600ctF.ft,0.15,,3.0,60,2742,,,600,27Al
300,33279.0,1.0,0.0,518551.0,0808G1-0p15M-AlOH3-3M-NaOH-D2O/27Al-5th-2752Hz-50C-600ct.ft,0.15,,3.0,50,2752,,,600,27Al
301,33361.0,2.0,9.391161016315266,3359571456.0,0808G1-0p15M-AlOH3-3M-NaOH-D2O/27Al-5th-2752Hz-50C-600ct.ft,0.15,,3.0,50,2752,,,600,27Al
302,33482.0,3.0,2.0,1584970.5,0808G1-0p15M-AlOH3-3M-NaOH-D2O/27Al-5th-2752Hz-50C-600ct.ft,0.15,,3.0,50,2752,,,600,27Al
303,33485.0,4.0,0.0,515050.0,0808G1-0p15M-AlOH3-3M-NaOH-D2O/27Al-5th-2752Hz-50C-600ct.ft,0.15,,3.0,50,2752,,,600,27Al
304,33489.0,5.0,1.0,1037729.0,0808G1-0p15M-AlOH3-3M-NaOH-D2O/27Al-5th-2752Hz-50C-600ct.ft,0.15,,3.0,50,2752,,,600,27Al
305,33279.0,1.0,0.0,518551.0,0808G1-0p15M-AlOH3-3M-NaOH-D2O/27Al-5th-2752Hz-50C-600ctF.ft,0.15,,3.0,50,2752,,,600,27Al
306,33361.0,2.0,9.391161016315266,3359571456.0,0808G1-0p15M-AlOH3-3M-NaOH-D2O/27Al-5th-2752Hz-50C-600ctF.ft,0.15,,3.0,50,2752,,,600,27Al
307,33482.0,3.0,2.0,1584970.5,0808G1-0p15M-AlOH3-3M-NaOH-D2O/27Al-5th-2752Hz-50C-600ctF.ft,0.15,,3.0,50,2752,,,600,27Al
308,33485.0,4.0,0.0,515050.0,0808G1-0p15M-AlOH3-3M-NaOH-D2O/27Al-5th-2752Hz-50C-600ctF.ft,0.15,,3.0,50,2752,,,600,27Al
309,33489.0,5.0,1.0,1037729.0,0808G1-0p15M-AlOH3-3M-NaOH-D2O/27Al-5th-2752Hz-50C-600ctF.ft,0.15,,3.0,50,2752,,,600,27Al
310,33279.0,1.0,0.0,518551.0,0808G1-0p15M-AlOH3-3M-NaOH-D2O/27Al-5th-2762Hz-40C-600ct.ft,0.15,,3.0,40,2762,,,600,27Al
311,33361.0,2.0,9.391161016315266,3359571456.0,0808G1-0p15M-AlOH3-3M-NaOH-D2O/27Al-5th-2762Hz-40C-600ct.ft,0.15,,3.0,40,2762,,,600,27Al
312,33482.0,3.0,2.0,1584970.5,0808G1-0p15M-AlOH3-3M-NaOH-D2O/27Al-5th-2762Hz-40C-600ct.ft,0.15,,3.0,40,2762,,,600,27Al
313,33485.0,4.0,0.0,515050.0,0808G1-0p15M-AlOH3-3M-NaOH-D2O/27Al-5th-2762Hz-40C-600ct.ft,0.15,,3.0,40,2762,,,600,27Al
314,33489.0,5.0,1.0,1037729.0,0808G1-0p15M-AlOH3-3M-NaOH-D2O/27Al-5th-2762Hz-40C-600ct.ft,0.15,,3.0,40,2762,,,600,27Al
315,33279.0,1.0,0.0,518551.0,0808G1-0p15M-AlOH3-3M-NaOH-D2O/27Al-5th-2762Hz-40C-600ctF.ft,0.15,,3.0,40,2762,,,600,27Al
316,33361.0,2.0,9.391161016315266,3359571456.0,0808G1-0p15M-AlOH3-3M-NaOH-D2O/27Al-5th-2762Hz-40C-600ctF.ft,0.15,,3.0,40,2762,,,600,27Al
317,33482.0,3.0,2.0,1584970.5,0808G1-0p15M-AlOH3-3M-NaOH-D2O/27Al-5th-2762Hz-40C-600ctF.ft,0.15,,3.0,40,2762,,,600,27Al
318,33485.0,4.0,0.0,515050.0,0808G1-0p15M-AlOH3-3M-NaOH-D2O/27Al-5th-2762Hz-40C-600ctF.ft,0.15,,3.0,40,2762,,,600,27Al
319,33489.0,5.0,1.0,1037729.0,0808G1-0p15M-AlOH3-3M-NaOH-D2O/27Al-5th-2762Hz-40C-600ctF.ft,0.15,,3.0,40,2762,,,600,27Al
320,33279.0,1.0,0.0,518551.0,0808G1-0p15M-AlOH3-3M-NaOH-D2O/27Al-concentrated-Gibbsite-2730Hz-140C-128ct.ft,0.15,,3.0,140,2730,Gibbsite,,128,27Al
321,33361.0,2.0,9.391161016315266,3359571456.0,0808G1-0p15M-AlOH3-3M-NaOH-D2O/27Al-concentrated-Gibbsite-2730Hz-140C-128ct.ft,0.15,,3.0,140,2730,Gibbsite,,128,27Al
322,33482.0,3.0,2.0,1584970.5,0808G1-0p15M-AlOH3-3M-NaOH-D2O/27Al-concentrated-Gibbsite-2730Hz-140C-128ct.ft,0.15,,3.0,140,2730,Gibbsite,,128,27Al
323,33485.0,4.0,0.0,515050.0,0808G1-0p15M-AlOH3-3M-NaOH-D2O/27Al-concentrated-Gibbsite-2730Hz-140C-128ct.ft,0.15,,3.0,140,2730,Gibbsite,,128,27Al
324,33489.0,5.0,1.0,1037729.0,0808G1-0p15M-AlOH3-3M-NaOH-D2O/27Al-concentrated-Gibbsite-2730Hz-140C-128ct.ft,0.15,,3.0,140,2730,Gibbsite,,128,27Al
325,33279.0,1.0,0.0,518551.0,0808G1-0p15M-AlOH3-3M-NaOH-D2O/27Al-concentrated-Gibbsite-2730Hz-140C-128ctF.ft,0.15,,3.0,140,2730,Gibbsite,,128,27Al
326,33361.0,2.0,9.391161016315266,3359571456.0,0808G1-0p15M-AlOH3-3M-NaOH-D2O/27Al-concentrated-Gibbsite-2730Hz-140C-128ctF.ft,0.15,,3.0,140,2730,Gibbsite,,128,27Al
327,33482.0,3.0,2.0,1584970.5,0808G1-0p15M-AlOH3-3M-NaOH-D2O/27Al-concentrated-Gibbsite-2730Hz-140C-128ctF.ft,0.15,,3.0,140,2730,Gibbsite,,128,27Al
328,33485.0,4.0,0.0,515050.0,0808G1-0p15M-AlOH3-3M-NaOH-D2O/27Al-concentrated-Gibbsite-2730Hz-140C-128ctF.ft,0.15,,3.0,140,2730,Gibbsite,,128,27Al
329,33489.0,5.0,1.0,1037729.0,0808G1-0p15M-AlOH3-3M-NaOH-D2O/27Al-concentrated-Gibbsite-2730Hz-140C-128ctF.ft,0.15,,3.0,140,2730,Gibbsite,,128,27Al
330,33279.0,1.0,0.0,518551.0,0808G1-0p15M-AlOH3-3M-NaOH-D2O/27Al-concentrated-Gibbsite-2735Hz-130C-128ct.ft,0.15,,3.0,130,2735,Gibbsite,,128,27Al
331,33361.0,2.0,9.391161016315266,3359571456.0,0808G1-0p15M-AlOH3-3M-NaOH-D2O/27Al-concentrated-Gibbsite-2735Hz-130C-128ct.ft,0.15,,3.0,130,2735,Gibbsite,,128,27Al
332,33482.0,3.0,2.0,1584970.5,0808G1-0p15M-AlOH3-3M-NaOH-D2O/27Al-concentrated-Gibbsite-2735Hz-130C-128ct.ft,0.15,,3.0,130,2735,Gibbsite,,128,27Al
333,33485.0,4.0,0.0,515050.0,0808G1-0p15M-AlOH3-3M-NaOH-D2O/27Al-concentrated-Gibbsite-2735Hz-130C-128ct.ft,0.15,,3.0,130,2735,Gibbsite,,128,27Al
334,33489.0,5.0,1.0,1037729.0,0808G1-0p15M-AlOH3-3M-NaOH-D2O/27Al-concentrated-Gibbsite-2735Hz-130C-128ct.ft,0.15,,3.0,130,2735,Gibbsite,,128,27Al
335,33279.0,1.0,0.0,518551.0,0808G1-0p15M-AlOH3-3M-NaOH-D2O/27Al-concentrated-Gibbsite-2735Hz-130C-128ctF.ft,0.15,,3.0,130,2735,Gibbsite,,128,27Al
336,33361.0,2.0,9.391161016315266,3359571456.0,0808G1-0p15M-AlOH3-3M-NaOH-D2O/27Al-concentrated-Gibbsite-2735Hz-130C-128ctF.ft,0.15,,3.0,130,2735,Gibbsite,,128,27Al
337,33482.0,3.0,2.0,1584970.5,0808G1-0p15M-AlOH3-3M-NaOH-D2O/27Al-concentrated-Gibbsite-2735Hz-130C-128ctF.ft,0.15,,3.0,130,2735,Gibbsite,,128,27Al
338,33485.0,4.0,0.0,515050.0,0808G1-0p15M-AlOH3-3M-NaOH-D2O/27Al-concentrated-Gibbsite-2735Hz-130C-128ctF.ft,0.15,,3.0,130,2735,Gibbsite,,128,27Al
339,33489.0,5.0,1.0,1037729.0,0808G1-0p15M-AlOH3-3M-NaOH-D2O/27Al-concentrated-Gibbsite-2735Hz-130C-128ctF.ft,0.15,,3.0,130,2735,Gibbsite,,128,27Al
340,33279.0,1.0,0.0,518551.0,0808G1-0p15M-AlOH3-3M-NaOH-D2O/27Al-concentrated-Gibbsite-2744Hz-110C-128ct.ft,0.15,,3.0,110,2744,Gibbsite,,128,27Al
341,33361.0,2.0,9.391161016315266,3359571456.0,0808G1-0p15M-AlOH3-3M-NaOH-D2O/27Al-concentrated-Gibbsite-2744Hz-110C-128ct.ft,0.15,,3.0,110,2744,Gibbsite,,128,27Al
342,33482.0,3.0,2.0,1584970.5,0808G1-0p15M-AlOH3-3M-NaOH-D2O/27Al-concentrated-Gibbsite-2744Hz-110C-128ct.ft,0.15,,3.0,110,2744,Gibbsite,,128,27Al
343,33485.0,4.0,0.0,515050.0,0808G1-0p15M-AlOH3-3M-NaOH-D2O/27Al-concentrated-Gibbsite-2744Hz-110C-128ct.ft,0.15,,3.0,110,2744,Gibbsite,,128,27Al
344,33489.0,5.0,1.0,1037729.0,0808G1-0p15M-AlOH3-3M-NaOH-D2O/27Al-concentrated-Gibbsite-2744Hz-110C-128ct.ft,0.15,,3.0,110,2744,Gibbsite,,128,27Al
345,33279.0,1.0,0.0,518551.0,0808G1-0p15M-AlOH3-3M-NaOH-D2O/27Al-concentrated-Gibbsite-2744Hz-110C-128ctF.ft,0.15,,3.0,110,2744,Gibbsite,,128,27Al
346,33361.0,2.0,9.391161016315266,3359571456.0,0808G1-0p15M-AlOH3-3M-NaOH-D2O/27Al-concentrated-Gibbsite-2744Hz-110C-128ctF.ft,0.15,,3.0,110,2744,Gibbsite,,128,27Al
347,33482.0,3.0,2.0,1584970.5,0808G1-0p15M-AlOH3-3M-NaOH-D2O/27Al-concentrated-Gibbsite-2744Hz-110C-128ctF.ft,0.15,,3.0,110,2744,Gibbsite,,128,27Al
348,33485.0,4.0,0.0,515050.0,0808G1-0p15M-AlOH3-3M-NaOH-D2O/27Al-concentrated-Gibbsite-2744Hz-110C-128ctF.ft,0.15,,3.0,110,2744,Gibbsite,,128,27Al
349,33489.0,5.0,1.0,1037729.0,0808G1-0p15M-AlOH3-3M-NaOH-D2O/27Al-concentrated-Gibbsite-2744Hz-110C-128ctF.ft,0.15,,3.0,110,2744,Gibbsite,,128,27Al
350,33279.0,1.0,0.0,518551.0,0808G1-0p15M-AlOH3-3M-NaOH-D2O/27Al-concentrated-Gibbsite-2755Hz-90C-128ct.ft,0.15,,3.0,90,2755,Gibbsite,,128,27Al
351,33361.0,2.0,9.391161016315266,3359571456.0,0808G1-0p15M-AlOH3-3M-NaOH-D2O/27Al-concentrated-Gibbsite-2755Hz-90C-128ct.ft,0.15,,3.0,90,2755,Gibbsite,,128,27Al
352,33482.0,3.0,2.0,1584970.5,0808G1-0p15M-AlOH3-3M-NaOH-D2O/27Al-concentrated-Gibbsite-2755Hz-90C-128ct.ft,0.15,,3.0,90,2755,Gibbsite,,128,27Al
353,33485.0,4.0,0.0,515050.0,0808G1-0p15M-AlOH3-3M-NaOH-D2O/27Al-concentrated-Gibbsite-2755Hz-90C-128ct.ft,0.15,,3.0,90,2755,Gibbsite,,128,27Al
354,33489.0,5.0,1.0,1037729.0,0808G1-0p15M-AlOH3-3M-NaOH-D2O/27Al-concentrated-Gibbsite-2755Hz-90C-128ct.ft,0.15,,3.0,90,2755,Gibbsite,,128,27Al
355,33279.0,1.0,0.0,518551.0,0808G1-0p15M-AlOH3-3M-NaOH-D2O/27Al-concentrated-Gibbsite-2755Hz-90C-128ctF.ft,0.15,,3.0,90,2755,Gibbsite,,128,27Al
356,33361.0,2.0,9.391161016315266,3359571456.0,0808G1-0p15M-AlOH3-3M-NaOH-D2O/27Al-concentrated-Gibbsite-2755Hz-90C-128ctF.ft,0.15,,3.0,90,2755,Gibbsite,,128,27Al
357,33482.0,3.0,2.0,1584970.5,0808G1-0p15M-AlOH3-3M-NaOH-D2O/27Al-concentrated-Gibbsite-2755Hz-90C-128ctF.ft,0.15,,3.0,90,2755,Gibbsite,,128,27Al
358,33485.0,4.0,0.0,515050.0,0808G1-0p15M-AlOH3-3M-NaOH-D2O/27Al-concentrated-Gibbsite-2755Hz-90C-128ctF.ft,0.15,,3.0,90,2755,Gibbsite,,128,27Al
359,33489.0,5.0,1.0,1037729.0,0808G1-0p15M-AlOH3-3M-NaOH-D2O/27Al-concentrated-Gibbsite-2755Hz-90C-128ctF.ft,0.15,,3.0,90,2755,Gibbsite,,128,27Al
360,33279.0,1.0,0.0,518551.0,0808G1-0p15M-AlOH3-3M-NaOH-D2O/27Al-concentrated-Gibbsite-2770Hz-70C-128ct.ft,0.15,,3.0,70,2770,Gibbsite,,128,27Al
361,33361.0,2.0,9.391161016315266,3359571456.0,0808G1-0p15M-AlOH3-3M-NaOH-D2O/27Al-concentrated-Gibbsite-2770Hz-70C-128ct.ft,0.15,,3.0,70,2770,Gibbsite,,128,27Al
362,33482.0,3.0,2.0,1584970.5,0808G1-0p15M-AlOH3-3M-NaOH-D2O/27Al-concentrated-Gibbsite-2770Hz-70C-128ct.ft,0.15,,3.0,70,2770,Gibbsite,,128,27Al
363,33485.0,4.0,0.0,515050.0,0808G1-0p15M-AlOH3-3M-NaOH-D2O/27Al-concentrated-Gibbsite-2770Hz-70C-128ct.ft,0.15,,3.0,70,2770,Gibbsite,,128,27Al
364,33489.0,5.0,1.0,1037729.0,0808G1-0p15M-AlOH3-3M-NaOH-D2O/27Al-concentrated-Gibbsite-2770Hz-70C-128ct.ft,0.15,,3.0,70,2770,Gibbsite,,128,27Al
365,33279.0,1.0,0.0,518551.0,0808G1-0p15M-AlOH3-3M-NaOH-D2O/27Al-concentrated-Gibbsite-2770Hz-70C-128ctF.ft,0.15,,3.0,70,2770,Gibbsite,,128,27Al
366,33361.0,2.0,9.391161016315266,3359571456.0,0808G1-0p15M-AlOH3-3M-NaOH-D2O/27Al-concentrated-Gibbsite-2770Hz-70C-128ctF.ft,0.15,,3.0,70,2770,Gibbsite,,128,27Al
367,33482.0,3.0,2.0,1584970.5,0808G1-0p15M-AlOH3-3M-NaOH-D2O/27Al-concentrated-Gibbsite-2770Hz-70C-128ctF.ft,0.15,,3.0,70,2770,Gibbsite,,128,27Al
368,33485.0,4.0,0.0,515050.0,0808G1-0p15M-AlOH3-3M-NaOH-D2O/27Al-concentrated-Gibbsite-2770Hz-70C-128ctF.ft,0.15,,3.0,70,2770,Gibbsite,,128,27Al
369,33489.0,5.0,1.0,1037729.0,0808G1-0p15M-AlOH3-3M-NaOH-D2O/27Al-concentrated-Gibbsite-2770Hz-70C-128ctF.ft,0.15,,3.0,70,2770,Gibbsite,,128,27Al
370,33279.0,1.0,0.0,518551.0,0808G1-0p15M-AlOH3-3M-NaOH-D2O/27Al-concentrated-Gibbsite-2782Hz-50C-128ct.ft,0.15,,3.0,50,2782,Gibbsite,,128,27Al
371,33361.0,2.0,9.391161016315266,3359571456.0,0808G1-0p15M-AlOH3-3M-NaOH-D2O/27Al-concentrated-Gibbsite-2782Hz-50C-128ct.ft,0.15,,3.0,50,2782,Gibbsite,,128,27Al
372,33482.0,3.0,2.0,1584970.5,0808G1-0p15M-AlOH3-3M-NaOH-D2O/27Al-concentrated-Gibbsite-2782Hz-50C-128ct.ft,0.15,,3.0,50,2782,Gibbsite,,128,27Al
373,33485.0,4.0,0.0,515050.0,0808G1-0p15M-AlOH3-3M-NaOH-D2O/27Al-concentrated-Gibbsite-2782Hz-50C-128ct.ft,0.15,,3.0,50,2782,Gibbsite,,128,27Al
374,33489.0,5.0,1.0,1037729.0,0808G1-0p15M-AlOH3-3M-NaOH-D2O/27Al-concentrated-Gibbsite-2782Hz-50C-128ct.ft,0.15,,3.0,50,2782,Gibbsite,,128,27Al
375,33279.0,1.0,0.0,518551.0,0808G1-0p15M-AlOH3-3M-NaOH-D2O/27Al-concentrated-Gibbsite-2782Hz-50C-128ctF.ft,0.15,,3.0,50,2782,Gibbsite,,128,27Al
376,33361.0,2.0,9.391161016315266,3359571456.0,0808G1-0p15M-AlOH3-3M-NaOH-D2O/27Al-concentrated-Gibbsite-2782Hz-50C-128ctF.ft,0.15,,3.0,50,2782,Gibbsite,,128,27Al
377,33482.0,3.0,2.0,1584970.5,0808G1-0p15M-AlOH3-3M-NaOH-D2O/27Al-concentrated-Gibbsite-2782Hz-50C-128ctF.ft,0.15,,3.0,50,2782,Gibbsite,,128,27Al
378,33485.0,4.0,0.0,515050.0,0808G1-0p15M-AlOH3-3M-NaOH-D2O/27Al-concentrated-Gibbsite-2782Hz-50C-128ctF.ft,0.15,,3.0,50,2782,Gibbsite,,128,27Al
379,33489.0,5.0,1.0,1037729.0,0808G1-0p15M-AlOH3-3M-NaOH-D2O/27Al-concentrated-Gibbsite-2782Hz-50C-128ctF.ft,0.15,,3.0,50,2782,Gibbsite,,128,27Al
380,33279.0,1.0,0.0,518551.0,0808G1-0p15M-AlOH3-3M-NaOH-D2O/27Al-concentrated-Gibbsite-2795Hz-25C-128ct.ft,0.15,,3.0,25,2795,Gibbsite,,128,27Al
381,33361.0,2.0,9.391161016315266,3359571456.0,0808G1-0p15M-AlOH3-3M-NaOH-D2O/27Al-concentrated-Gibbsite-2795Hz-25C-128ct.ft,0.15,,3.0,25,2795,Gibbsite,,128,27Al
382,33482.0,3.0,2.0,1584970.5,0808G1-0p15M-AlOH3-3M-NaOH-D2O/27Al-concentrated-Gibbsite-2795Hz-25C-128ct.ft,0.15,,3.0,25,2795,Gibbsite,,128,27Al
383,33485.0,4.0,0.0,515050.0,0808G1-0p15M-AlOH3-3M-NaOH-D2O/27Al-concentrated-Gibbsite-2795Hz-25C-128ct.ft,0.15,,3.0,25,2795,Gibbsite,,128,27Al
384,33489.0,5.0,1.0,1037729.0,0808G1-0p15M-AlOH3-3M-NaOH-D2O/27Al-concentrated-Gibbsite-2795Hz-25C-128ct.ft,0.15,,3.0,25,2795,Gibbsite,,128,27Al
385,33279.0,1.0,0.0,518551.0,0808G1-0p15M-AlOH3-3M-NaOH-D2O/27Al-concentrated-Gibbsite-2795Hz-25C-128ctF.ft,0.15,,3.0,25,2795,Gibbsite,,128,27Al
386,33361.0,2.0,9.391161016315266,3359571456.0,0808G1-0p15M-AlOH3-3M-NaOH-D2O/27Al-concentrated-Gibbsite-2795Hz-25C-128ctF.ft,0.15,,3.0,25,2795,Gibbsite,,128,27Al
387,33482.0,3.0,2.0,1584970.5,0808G1-0p15M-AlOH3-3M-NaOH-D2O/27Al-concentrated-Gibbsite-2795Hz-25C-128ctF.ft,0.15,,3.0,25,2795,Gibbsite,,128,27Al
388,33485.0,4.0,0.0,515050.0,0808G1-0p15M-AlOH3-3M-NaOH-D2O/27Al-concentrated-Gibbsite-2795Hz-25C-128ctF.ft,0.15,,3.0,25,2795,Gibbsite,,128,27Al
389,33489.0,5.0,1.0,1037729.0,0808G1-0p15M-AlOH3-3M-NaOH-D2O/27Al-concentrated-Gibbsite-2795Hz-25C-128ctF.ft,0.15,,3.0,25,2795,Gibbsite,,128,27Al
390,33279.0,1.0,0.0,518551.0,0808G1-0p5M-AlOH3-3M-NaOH-D2O/23Na-2631Hz-132C-8th-32ct.ft,0.5,,3.0,132,2631,,,32,23Na
391,33361.0,2.0,9.391161016315266,3359571456.0,0808G1-0p5M-AlOH3-3M-NaOH-D2O/23Na-2631Hz-132C-8th-32ct.ft,0.5,,3.0,132,2631,,,32,23Na
392,33482.0,3.0,2.0,1584970.5,0808G1-0p5M-AlOH3-3M-NaOH-D2O/23Na-2631Hz-132C-8th-32ct.ft,0.5,,3.0,132,2631,,,32,23Na
393,33485.0,4.0,0.0,515050.0,0808G1-0p5M-AlOH3-3M-NaOH-D2O/23Na-2631Hz-132C-8th-32ct.ft,0.5,,3.0,132,2631,,,32,23Na
394,33489.0,5.0,1.0,1037729.0,0808G1-0p5M-AlOH3-3M-NaOH-D2O/23Na-2631Hz-132C-8th-32ct.ft,0.5,,3.0,132,2631,,,32,23Na
395,33279.0,1.0,0.0,518551.0,0808G1-0p5M-AlOH3-3M-NaOH-D2O/23Na-2631Hz-132C-8th-32ctF.ft,0.5,,3.0,132,2631,,,32,23Na
396,33361.0,2.0,9.391161016315266,3359571456.0,0808G1-0p5M-AlOH3-3M-NaOH-D2O/23Na-2631Hz-132C-8th-32ctF.ft,0.5,,3.0,132,2631,,,32,23Na
397,33482.0,3.0,2.0,1584970.5,0808G1-0p5M-AlOH3-3M-NaOH-D2O/23Na-2631Hz-132C-8th-32ctF.ft,0.5,,3.0,132,2631,,,32,23Na
398,33485.0,4.0,0.0,515050.0,0808G1-0p5M-AlOH3-3M-NaOH-D2O/23Na-2631Hz-132C-8th-32ctF.ft,0.5,,3.0,132,2631,,,32,23Na
399,33489.0,5.0,1.0,1037729.0,0808G1-0p5M-AlOH3-3M-NaOH-D2O/23Na-2631Hz-132C-8th-32ctF.ft,0.5,,3.0,132,2631,,,32,23Na
400,33279.0,1.0,0.0,518551.0,0808G1-0p5M-AlOH3-3M-NaOH-D2O/23Na-2713Hz-25C-3rd-32ct.ft,0.5,,3.0,25,2713,,,32,23Na
401,33361.0,2.0,9.391161016315266,3359571456.0,0808G1-0p5M-AlOH3-3M-NaOH-D2O/23Na-2713Hz-25C-3rd-32ct.ft,0.5,,3.0,25,2713,,,32,23Na
402,33482.0,3.0,2.0,1584970.5,0808G1-0p5M-AlOH3-3M-NaOH-D2O/23Na-2713Hz-25C-3rd-32ct.ft,0.5,,3.0,25,2713,,,32,23Na
403,33485.0,4.0,0.0,515050.0,0808G1-0p5M-AlOH3-3M-NaOH-D2O/23Na-2713Hz-25C-3rd-32ct.ft,0.5,,3.0,25,2713,,,32,23Na
404,33489.0,5.0,1.0,1037729.0,0808G1-0p5M-AlOH3-3M-NaOH-D2O/23Na-2713Hz-25C-3rd-32ct.ft,0.5,,3.0,25,2713,,,32,23Na
405,33279.0,1.0,0.0,518551.0,0808G1-0p5M-AlOH3-3M-NaOH-D2O/23Na-2713Hz-25C-3rd-32ctF.ft,0.5,,3.0,25,2713,,,32,23Na
406,33361.0,2.0,9.391161016315266,3359571456.0,0808G1-0p5M-AlOH3-3M-NaOH-D2O/23Na-2713Hz-25C-3rd-32ctF.ft,0.5,,3.0,25,2713,,,32,23Na
407,33482.0,3.0,2.0,1584970.5,0808G1-0p5M-AlOH3-3M-NaOH-D2O/23Na-2713Hz-25C-3rd-32ctF.ft,0.5,,3.0,25,2713,,,32,23Na
408,33485.0,4.0,0.0,515050.0,0808G1-0p5M-AlOH3-3M-NaOH-D2O/23Na-2713Hz-25C-3rd-32ctF.ft,0.5,,3.0,25,2713,,,32,23Na
409,33489.0,5.0,1.0,1037729.0,0808G1-0p5M-AlOH3-3M-NaOH-D2O/23Na-2713Hz-25C-3rd-32ctF.ft,0.5,,3.0,25,2713,,,32,23Na
410,33279.0,1.0,0.0,518551.0,0808G1-0p5M-AlOH3-3M-NaOH-D2O/23Na-2745Hz-25C-8th-32ct.ft,0.5,,3.0,25,2745,,,32,23Na
411,33361.0,2.0,9.391161016315266,3359571456.0,0808G1-0p5M-AlOH3-3M-NaOH-D2O/23Na-2745Hz-25C-8th-32ct.ft,0.5,,3.0,25,2745,,,32,23Na
412,33482.0,3.0,2.0,1584970.5,0808G1-0p5M-AlOH3-3M-NaOH-D2O/23Na-2745Hz-25C-8th-32ct.ft,0.5,,3.0,25,2745,,,32,23Na
413,33485.0,4.0,0.0,515050.0,0808G1-0p5M-AlOH3-3M-NaOH-D2O/23Na-2745Hz-25C-8th-32ct.ft,0.5,,3.0,25,2745,,,32,23Na
414,33489.0,5.0,1.0,1037729.0,0808G1-0p5M-AlOH3-3M-NaOH-D2O/23Na-2745Hz-25C-8th-32ct.ft,0.5,,3.0,25,2745,,,32,23Na
415,33279.0,1.0,0.0,518551.0,0808G1-0p5M-AlOH3-3M-NaOH-D2O/23Na-2745Hz-25C-8th-32ctF.ft,0.5,,3.0,25,2745,,,32,23Na
416,33361.0,2.0,9.391161016315266,3359571456.0,0808G1-0p5M-AlOH3-3M-NaOH-D2O/23Na-2745Hz-25C-8th-32ctF.ft,0.5,,3.0,25,2745,,,32,23Na
417,33482.0,3.0,2.0,1584970.5,0808G1-0p5M-AlOH3-3M-NaOH-D2O/23Na-2745Hz-25C-8th-32ctF.ft,0.5,,3.0,25,2745,,,32,23Na
418,33485.0,4.0,0.0,515050.0,0808G1-0p5M-AlOH3-3M-NaOH-D2O/23Na-2745Hz-25C-8th-32ctF.ft,0.5,,3.0,25,2745,,,32,23Na
419,33489.0,5.0,1.0,1037729.0,0808G1-0p5M-AlOH3-3M-NaOH-D2O/23Na-2745Hz-25C-8th-32ctF.ft,0.5,,3.0,25,2745,,,32,23Na
420,33279.0,1.0,0.0,518551.0,0808G1-0p5M-AlOH3-3M-NaOH-D2O/27Al-2631Hz-132C-7th-3000ct.ft,0.5,,3.0,132,2631,,,3000,27Al
421,33361.0,2.0,9.391161016315266,3359571456.0,0808G1-0p5M-AlOH3-3M-NaOH-D2O/27Al-2631Hz-132C-7th-3000ct.ft,0.5,,3.0,132,2631,,,3000,27Al
422,33482.0,3.0,2.0,1584970.5,0808G1-0p5M-AlOH3-3M-NaOH-D2O/27Al-2631Hz-132C-7th-3000ct.ft,0.5,,3.0,132,2631,,,3000,27Al
423,33485.0,4.0,0.0,515050.0,0808G1-0p5M-AlOH3-3M-NaOH-D2O/27Al-2631Hz-132C-7th-3000ct.ft,0.5,,3.0,132,2631,,,3000,27Al
424,33489.0,5.0,1.0,1037729.0,0808G1-0p5M-AlOH3-3M-NaOH-D2O/27Al-2631Hz-132C-7th-3000ct.ft,0.5,,3.0,132,2631,,,3000,27Al
425,33279.0,1.0,0.0,518551.0,0808G1-0p5M-AlOH3-3M-NaOH-D2O/27Al-2631Hz-132C-7th-3000ctF.ft,0.5,,3.0,132,2631,,,3000,27Al
426,33361.0,2.0,9.391161016315266,3359571456.0,0808G1-0p5M-AlOH3-3M-NaOH-D2O/27Al-2631Hz-132C-7th-3000ctF.ft,0.5,,3.0,132,2631,,,3000,27Al
427,33482.0,3.0,2.0,1584970.5,0808G1-0p5M-AlOH3-3M-NaOH-D2O/27Al-2631Hz-132C-7th-3000ctF.ft,0.5,,3.0,132,2631,,,3000,27Al
428,33485.0,4.0,0.0,515050.0,0808G1-0p5M-AlOH3-3M-NaOH-D2O/27Al-2631Hz-132C-7th-3000ctF.ft,0.5,,3.0,132,2631,,,3000,27Al
429,33489.0,5.0,1.0,1037729.0,0808G1-0p5M-AlOH3-3M-NaOH-D2O/27Al-2631Hz-132C-7th-3000ctF.ft,0.5,,3.0,132,2631,,,3000,27Al
430,33279.0,1.0,0.0,518551.0,0808G1-0p5M-AlOH3-3M-NaOH-D2O/27Al-2713Hz-25C-3rd-128ct.ft,0.5,,3.0,25,2713,,,128,27Al
431,33361.0,2.0,9.391161016315266,3359571456.0,0808G1-0p5M-AlOH3-3M-NaOH-D2O/27Al-2713Hz-25C-3rd-128ct.ft,0.5,,3.0,25,2713,,,128,27Al
432,33482.0,3.0,2.0,1584970.5,0808G1-0p5M-AlOH3-3M-NaOH-D2O/27Al-2713Hz-25C-3rd-128ct.ft,0.5,,3.0,25,2713,,,128,27Al
433,33485.0,4.0,0.0,515050.0,0808G1-0p5M-AlOH3-3M-NaOH-D2O/27Al-2713Hz-25C-3rd-128ct.ft,0.5,,3.0,25,2713,,,128,27Al
434,33489.0,5.0,1.0,1037729.0,0808G1-0p5M-AlOH3-3M-NaOH-D2O/27Al-2713Hz-25C-3rd-128ct.ft,0.5,,3.0,25,2713,,,128,27Al
435,33279.0,1.0,0.0,518551.0,0808G1-0p5M-AlOH3-3M-NaOH-D2O/27Al-2713Hz-25C-3rd-128ctF.ft,0.5,,3.0,25,2713,,,128,27Al
436,33361.0,2.0,9.391161016315266,3359571456.0,0808G1-0p5M-AlOH3-3M-NaOH-D2O/27Al-2713Hz-25C-3rd-128ctF.ft,0.5,,3.0,25,2713,,,128,27Al
437,33482.0,3.0,2.0,1584970.5,0808G1-0p5M-AlOH3-3M-NaOH-D2O/27Al-2713Hz-25C-3rd-128ctF.ft,0.5,,3.0,25,2713,,,128,27Al
438,33485.0,4.0,0.0,515050.0,0808G1-0p5M-AlOH3-3M-NaOH-D2O/27Al-2713Hz-25C-3rd-128ctF.ft,0.5,,3.0,25,2713,,,128,27Al
439,33489.0,5.0,1.0,1037729.0,0808G1-0p5M-AlOH3-3M-NaOH-D2O/27Al-2713Hz-25C-3rd-128ctF.ft,0.5,,3.0,25,2713,,,128,27Al
440,33279.0,1.0,0.0,518551.0,0808G1-0p5M-AlOH3-3M-NaOH-D2O/27Al-2713Hz-25C-4th-128ct.ft,0.5,,3.0,25,2713,,,128,27Al
441,33361.0,2.0,9.391161016315266,3359571456.0,0808G1-0p5M-AlOH3-3M-NaOH-D2O/27Al-2713Hz-25C-4th-128ct.ft,0.5,,3.0,25,2713,,,128,27Al
442,33482.0,3.0,2.0,1584970.5,0808G1-0p5M-AlOH3-3M-NaOH-D2O/27Al-2713Hz-25C-4th-128ct.ft,0.5,,3.0,25,2713,,,128,27Al
443,33485.0,4.0,0.0,515050.0,0808G1-0p5M-AlOH3-3M-NaOH-D2O/27Al-2713Hz-25C-4th-128ct.ft,0.5,,3.0,25,2713,,,128,27Al
444,33489.0,5.0,1.0,1037729.0,0808G1-0p5M-AlOH3-3M-NaOH-D2O/27Al-2713Hz-25C-4th-128ct.ft,0.5,,3.0,25,2713,,,128,27Al
445,33279.0,1.0,0.0,518551.0,0808G1-0p5M-AlOH3-3M-NaOH-D2O/27Al-2713Hz-25C-4th-128ctF.ft,0.5,,3.0,25,2713,,,128,27Al
446,33361.0,2.0,9.391161016315266,3359571456.0,0808G1-0p5M-AlOH3-3M-NaOH-D2O/27Al-2713Hz-25C-4th-128ctF.ft,0.5,,3.0,25,2713,,,128,27Al
447,33482.0,3.0,2.0,1584970.5,0808G1-0p5M-AlOH3-3M-NaOH-D2O/27Al-2713Hz-25C-4th-128ctF.ft,0.5,,3.0,25,2713,,,128,27Al
448,33485.0,4.0,0.0,515050.0,0808G1-0p5M-AlOH3-3M-NaOH-D2O/27Al-2713Hz-25C-4th-128ctF.ft,0.5,,3.0,25,2713,,,128,27Al
449,33489.0,5.0,1.0,1037729.0,0808G1-0p5M-AlOH3-3M-NaOH-D2O/27Al-2713Hz-25C-4th-128ctF.ft,0.5,,3.0,25,2713,,,128,27Al
450,33279.0,1.0,0.0,518551.0,0808G1-0p5M-AlOH3-3M-NaOH-D2O/27Al-2745Hz-25C-11th-1448ctF.ft,0.5,,3.0,25,2745,,,1448,27Al
451,33361.0,2.0,9.391161016315266,3359571456.0,0808G1-0p5M-AlOH3-3M-NaOH-D2O/27Al-2745Hz-25C-11th-1448ctF.ft,0.5,,3.0,25,2745,,,1448,27Al
452,33482.0,3.0,2.0,1584970.5,0808G1-0p5M-AlOH3-3M-NaOH-D2O/27Al-2745Hz-25C-11th-1448ctF.ft,0.5,,3.0,25,2745,,,1448,27Al
453,33485.0,4.0,0.0,515050.0,0808G1-0p5M-AlOH3-3M-NaOH-D2O/27Al-2745Hz-25C-11th-1448ctF.ft,0.5,,3.0,25,2745,,,1448,27Al
454,33489.0,5.0,1.0,1037729.0,0808G1-0p5M-AlOH3-3M-NaOH-D2O/27Al-2745Hz-25C-11th-1448ctF.ft,0.5,,3.0,25,2745,,,1448,27Al
455,33279.0,1.0,0.0,518551.0,0808G1-0p5M-AlOH3-3M-NaOH-D2O/27Al-2745Hz-25C-11th-3700ct.ft,0.5,,3.0,25,2745,,,3700,27Al
456,33361.0,2.0,9.391161016315266,3359571456.0,0808G1-0p5M-AlOH3-3M-NaOH-D2O/27Al-2745Hz-25C-11th-3700ct.ft,0.5,,3.0,25,2745,,,3700,27Al
457,33482.0,3.0,2.0,1584970.5,0808G1-0p5M-AlOH3-3M-NaOH-D2O/27Al-2745Hz-25C-11th-3700ct.ft,0.5,,3.0,25,2745,,,3700,27Al
458,33485.0,4.0,0.0,515050.0,0808G1-0p5M-AlOH3-3M-NaOH-D2O/27Al-2745Hz-25C-11th-3700ct.ft,0.5,,3.0,25,2745,,,3700,27Al
459,33489.0,5.0,1.0,1037729.0,0808G1-0p5M-AlOH3-3M-NaOH-D2O/27Al-2745Hz-25C-11th-3700ct.ft,0.5,,3.0,25,2745,,,3700,27Al
460,33279.0,1.0,0.0,518551.0,0808G1-0p5M-AlOH3-3M-NaOH-D2O/27Al-2745Hz-25C-11th-3700ctF.ft,0.5,,3.0,25,2745,,,3700,27Al
461,33361.0,2.0,9.391161016315266,3359571456.0,0808G1-0p5M-AlOH3-3M-NaOH-D2O/27Al-2745Hz-25C-11th-3700ctF.ft,0.5,,3.0,25,2745,,,3700,27Al
462,33482.0,3.0,2.0,1584970.5,0808G1-0p5M-AlOH3-3M-NaOH-D2O/27Al-2745Hz-25C-11th-3700ctF.ft,0.5,,3.0,25,2745,,,3700,27Al
463,33485.0,4.0,0.0,515050.0,0808G1-0p5M-AlOH3-3M-NaOH-D2O/27Al-2745Hz-25C-11th-3700ctF.ft,0.5,,3.0,25,2745,,,3700,27Al
464,33489.0,5.0,1.0,1037729.0,0808G1-0p5M-AlOH3-3M-NaOH-D2O/27Al-2745Hz-25C-11th-3700ctF.ft,0.5,,3.0,25,2745,,,3700,27Al
465,33279.0,1.0,0.0,518551.0,0808G1-0p5M-AlOH3-3M-NaOH-D2O/27Al-3513Hz-25C-13th-2500ct.ft,0.5,,3.0,25,3513,,,2500,27Al
466,33361.0,2.0,9.391161016315266,3359571456.0,0808G1-0p5M-AlOH3-3M-NaOH-D2O/27Al-3513Hz-25C-13th-2500ct.ft,0.5,,3.0,25,3513,,,2500,27Al
467,33482.0,3.0,2.0,1584970.5,0808G1-0p5M-AlOH3-3M-NaOH-D2O/27Al-3513Hz-25C-13th-2500ct.ft,0.5,,3.0,25,3513,,,2500,27Al
468,33485.0,4.0,0.0,515050.0,0808G1-0p5M-AlOH3-3M-NaOH-D2O/27Al-3513Hz-25C-13th-2500ct.ft,0.5,,3.0,25,3513,,,2500,27Al
469,33489.0,5.0,1.0,1037729.0,0808G1-0p5M-AlOH3-3M-NaOH-D2O/27Al-3513Hz-25C-13th-2500ct.ft,0.5,,3.0,25,3513,,,2500,27Al
470,33279.0,1.0,0.0,518551.0,0808G1-0p5M-AlOH3-3M-NaOH-D2O/27Al-3513Hz-25C-13th-2500ctF.ft,0.5,,3.0,25,3513,,,2500,27Al
471,33361.0,2.0,9.391161016315266,3359571456.0,0808G1-0p5M-AlOH3-3M-NaOH-D2O/27Al-3513Hz-25C-13th-2500ctF.ft,0.5,,3.0,25,3513,,,2500,27Al
472,33482.0,3.0,2.0,1584970.5,0808G1-0p5M-AlOH3-3M-NaOH-D2O/27Al-3513Hz-25C-13th-2500ctF.ft,0.5,,3.0,25,3513,,,2500,27Al
473,33485.0,4.0,0.0,515050.0,0808G1-0p5M-AlOH3-3M-NaOH-D2O/27Al-3513Hz-25C-13th-2500ctF.ft,0.5,,3.0,25,3513,,,2500,27Al
474,33489.0,5.0,1.0,1037729.0,0808G1-0p5M-AlOH3-3M-NaOH-D2O/27Al-3513Hz-25C-13th-2500ctF.ft,0.5,,3.0,25,3513,,,2500,27Al
475,33279.0,1.0,0.0,518551.0,0808G1-0p5M-AlOH3-3M-NaOH-D2O/27Al-4010Hz-25C-12th-3024ct.ft,0.5,,3.0,25,4010,,,3024,27Al
476,33361.0,2.0,9.391161016315266,3359571456.0,0808G1-0p5M-AlOH3-3M-NaOH-D2O/27Al-4010Hz-25C-12th-3024ct.ft,0.5,,3.0,25,4010,,,3024,27Al
477,33482.0,3.0,2.0,1584970.5,0808G1-0p5M-AlOH3-3M-NaOH-D2O/27Al-4010Hz-25C-12th-3024ct.ft,0.5,,3.0,25,4010,,,3024,27Al
478,33485.0,4.0,0.0,515050.0,0808G1-0p5M-AlOH3-3M-NaOH-D2O/27Al-4010Hz-25C-12th-3024ct.ft,0.5,,3.0,25,4010,,,3024,27Al
479,33489.0,5.0,1.0,1037729.0,0808G1-0p5M-AlOH3-3M-NaOH-D2O/27Al-4010Hz-25C-12th-3024ct.ft,0.5,,3.0,25,4010,,,3024,27Al
480,33279.0,1.0,0.0,518551.0,0808G1-0p5M-AlOH3-3M-NaOH-D2O/27Al-4010Hz-25C-12th-3024ctF.ft,0.5,,3.0,25,4010,,,3024,27Al
481,33361.0,2.0,9.391161016315266,3359571456.0,0808G1-0p5M-AlOH3-3M-NaOH-D2O/27Al-4010Hz-25C-12th-3024ctF.ft,0.5,,3.0,25,4010,,,3024,27Al
482,33482.0,3.0,2.0,1584970.5,0808G1-0p5M-AlOH3-3M-NaOH-D2O/27Al-4010Hz-25C-12th-3024ctF.ft,0.5,,3.0,25,4010,,,3024,27Al
483,33485.0,4.0,0.0,515050.0,0808G1-0p5M-AlOH3-3M-NaOH-D2O/27Al-4010Hz-25C-12th-3024ctF.ft,0.5,,3.0,25,4010,,,3024,27Al
484,33489.0,5.0,1.0,1037729.0,0808G1-0p5M-AlOH3-3M-NaOH-D2O/27Al-4010Hz-25C-12th-3024ctF.ft,0.5,,3.0,25,4010,,,3024,27Al
485,33279.0,1.0,0.0,518551.0,0808G1-1M-AlOH3-3M-NaOH-D2O/23Na-1st-2728Hz-25C-32ct.ft,1.0,,3.0,25,2728,,,32,23Na
486,33361.0,2.0,9.391161016315266,3359571456.0,0808G1-1M-AlOH3-3M-NaOH-D2O/23Na-1st-2728Hz-25C-32ct.ft,1.0,,3.0,25,2728,,,32,23Na
487,33482.0,3.0,2.0,1584970.5,0808G1-1M-AlOH3-3M-NaOH-D2O/23Na-1st-2728Hz-25C-32ct.ft,1.0,,3.0,25,2728,,,32,23Na
488,33485.0,4.0,0.0,515050.0,0808G1-1M-AlOH3-3M-NaOH-D2O/23Na-1st-2728Hz-25C-32ct.ft,1.0,,3.0,25,2728,,,32,23Na
489,33489.0,5.0,1.0,1037729.0,0808G1-1M-AlOH3-3M-NaOH-D2O/23Na-1st-2728Hz-25C-32ct.ft,1.0,,3.0,25,2728,,,32,23Na
490,33279.0,1.0,0.0,518551.0,0808G1-1M-AlOH3-3M-NaOH-D2O/23Na-1st-2728Hz-25C-32ctF.ft,1.0,,3.0,25,2728,,,32,23Na
491,33361.0,2.0,9.391161016315266,3359571456.0,0808G1-1M-AlOH3-3M-NaOH-D2O/23Na-1st-2728Hz-25C-32ctF.ft,1.0,,3.0,25,2728,,,32,23Na
492,33482.0,3.0,2.0,1584970.5,0808G1-1M-AlOH3-3M-NaOH-D2O/23Na-1st-2728Hz-25C-32ctF.ft,1.0,,3.0,25,2728,,,32,23Na
493,33485.0,4.0,0.0,515050.0,0808G1-1M-AlOH3-3M-NaOH-D2O/23Na-1st-2728Hz-25C-32ctF.ft,1.0,,3.0,25,2728,,,32,23Na
494,33489.0,5.0,1.0,1037729.0,0808G1-1M-AlOH3-3M-NaOH-D2O/23Na-1st-2728Hz-25C-32ctF.ft,1.0,,3.0,25,2728,,,32,23Na
495,33279.0,1.0,0.0,518551.0,0808G1-1M-AlOH3-3M-NaOH-D2O/23Na-3rd-2728Hz-25C-32ct.ft,1.0,,3.0,25,2728,,,32,23Na
496,33361.0,2.0,9.391161016315266,3359571456.0,0808G1-1M-AlOH3-3M-NaOH-D2O/23Na-3rd-2728Hz-25C-32ct.ft,1.0,,3.0,25,2728,,,32,23Na
497,33482.0,3.0,2.0,1584970.5,0808G1-1M-AlOH3-3M-NaOH-D2O/23Na-3rd-2728Hz-25C-32ct.ft,1.0,,3.0,25,2728,,,32,23Na
498,33485.0,4.0,0.0,515050.0,0808G1-1M-AlOH3-3M-NaOH-D2O/23Na-3rd-2728Hz-25C-32ct.ft,1.0,,3.0,25,2728,,,32,23Na
499,33489.0,5.0,1.0,1037729.0,0808G1-1M-AlOH3-3M-NaOH-D2O/23Na-3rd-2728Hz-25C-32ct.ft,1.0,,3.0,25,2728,,,32,23Na
500,33279.0,1.0,0.0,518551.0,0808G1-1M-AlOH3-3M-NaOH-D2O/23Na-3rd-2728Hz-25C-32ctF.ft,1.0,,3.0,25,2728,,,32,23Na
501,33361.0,2.0,9.391161016315266,3359571456.0,0808G1-1M-AlOH3-3M-NaOH-D2O/23Na-3rd-2728Hz-25C-32ctF.ft,1.0,,3.0,25,2728,,,32,23Na
502,33482.0,3.0,2.0,1584970.5,0808G1-1M-AlOH3-3M-NaOH-D2O/23Na-3rd-2728Hz-25C-32ctF.ft,1.0,,3.0,25,2728,,,32,23Na
503,33485.0,4.0,0.0,515050.0,0808G1-1M-AlOH3-3M-NaOH-D2O/23Na-3rd-2728Hz-25C-32ctF.ft,1.0,,3.0,25,2728,,,32,23Na
504,33489.0,5.0,1.0,1037729.0,0808G1-1M-AlOH3-3M-NaOH-D2O/23Na-3rd-2728Hz-25C-32ctF.ft,1.0,,3.0,25,2728,,,32,23Na
505,33279.0,1.0,0.0,518551.0,0808G1-1M-AlOH3-3M-NaOH-D2O/23Na-6th-2648Hz-132C-32ct.ft,1.0,,3.0,132,2648,,,32,23Na
506,33361.0,2.0,9.391161016315266,3359571456.0,0808G1-1M-AlOH3-3M-NaOH-D2O/23Na-6th-2648Hz-132C-32ct.ft,1.0,,3.0,132,2648,,,32,23Na
507,33482.0,3.0,2.0,1584970.5,0808G1-1M-AlOH3-3M-NaOH-D2O/23Na-6th-2648Hz-132C-32ct.ft,1.0,,3.0,132,2648,,,32,23Na
508,33485.0,4.0,0.0,515050.0,0808G1-1M-AlOH3-3M-NaOH-D2O/23Na-6th-2648Hz-132C-32ct.ft,1.0,,3.0,132,2648,,,32,23Na
509,33489.0,5.0,1.0,1037729.0,0808G1-1M-AlOH3-3M-NaOH-D2O/23Na-6th-2648Hz-132C-32ct.ft,1.0,,3.0,132,2648,,,32,23Na
510,33279.0,1.0,0.0,518551.0,0808G1-1M-AlOH3-3M-NaOH-D2O/23Na-6th-2648Hz-132C-32ctF.ft,1.0,,3.0,132,2648,,,32,23Na
511,33361.0,2.0,9.391161016315266,3359571456.0,0808G1-1M-AlOH3-3M-NaOH-D2O/23Na-6th-2648Hz-132C-32ctF.ft,1.0,,3.0,132,2648,,,32,23Na
512,33482.0,3.0,2.0,1584970.5,0808G1-1M-AlOH3-3M-NaOH-D2O/23Na-6th-2648Hz-132C-32ctF.ft,1.0,,3.0,132,2648,,,32,23Na
513,33485.0,4.0,0.0,515050.0,0808G1-1M-AlOH3-3M-NaOH-D2O/23Na-6th-2648Hz-132C-32ctF.ft,1.0,,3.0,132,2648,,,32,23Na
514,33489.0,5.0,1.0,1037729.0,0808G1-1M-AlOH3-3M-NaOH-D2O/23Na-6th-2648Hz-132C-32ctF.ft,1.0,,3.0,132,2648,,,32,23Na
515,33279.0,1.0,0.0,518551.0,0808G1-1M-AlOH3-3M-NaOH-D2O/23Na-8th-2750Hz-25C-32ct.ft,1.0,,3.0,25,2750,,,32,23Na
516,33361.0,2.0,9.391161016315266,3359571456.0,0808G1-1M-AlOH3-3M-NaOH-D2O/23Na-8th-2750Hz-25C-32ct.ft,1.0,,3.0,25,2750,,,32,23Na
517,33482.0,3.0,2.0,1584970.5,0808G1-1M-AlOH3-3M-NaOH-D2O/23Na-8th-2750Hz-25C-32ct.ft,1.0,,3.0,25,2750,,,32,23Na
518,33485.0,4.0,0.0,515050.0,0808G1-1M-AlOH3-3M-NaOH-D2O/23Na-8th-2750Hz-25C-32ct.ft,1.0,,3.0,25,2750,,,32,23Na
519,33489.0,5.0,1.0,1037729.0,0808G1-1M-AlOH3-3M-NaOH-D2O/23Na-8th-2750Hz-25C-32ct.ft,1.0,,3.0,25,2750,,,32,23Na
520,33279.0,1.0,0.0,518551.0,0808G1-1M-AlOH3-3M-NaOH-D2O/23Na-8th-2750Hz-25C-32ctF.ft,1.0,,3.0,25,2750,,,32,23Na
521,33361.0,2.0,9.391161016315266,3359571456.0,0808G1-1M-AlOH3-3M-NaOH-D2O/23Na-8th-2750Hz-25C-32ctF.ft,1.0,,3.0,25,2750,,,32,23Na
522,33482.0,3.0,2.0,1584970.5,0808G1-1M-AlOH3-3M-NaOH-D2O/23Na-8th-2750Hz-25C-32ctF.ft,1.0,,3.0,25,2750,,,32,23Na
523,33485.0,4.0,0.0,515050.0,0808G1-1M-AlOH3-3M-NaOH-D2O/23Na-8th-2750Hz-25C-32ctF.ft,1.0,,3.0,25,2750,,,32,23Na
524,33489.0,5.0,1.0,1037729.0,0808G1-1M-AlOH3-3M-NaOH-D2O/23Na-8th-2750Hz-25C-32ctF.ft,1.0,,3.0,25,2750,,,32,23Na
525,33279.0,1.0,0.0,518551.0,0808G1-1M-AlOH3-3M-NaOH-D2O/27Al-6th-2648Hz-132C-5000ct.ft,1.0,,3.0,132,2648,,,5000,27Al
526,33361.0,2.0,9.391161016315266,3359571456.0,0808G1-1M-AlOH3-3M-NaOH-D2O/27Al-6th-2648Hz-132C-5000ct.ft,1.0,,3.0,132,2648,,,5000,27Al
527,33482.0,3.0,2.0,1584970.5,0808G1-1M-AlOH3-3M-NaOH-D2O/27Al-6th-2648Hz-132C-5000ct.ft,1.0,,3.0,132,2648,,,5000,27Al
528,33485.0,4.0,0.0,515050.0,0808G1-1M-AlOH3-3M-NaOH-D2O/27Al-6th-2648Hz-132C-5000ct.ft,1.0,,3.0,132,2648,,,5000,27Al
529,33489.0,5.0,1.0,1037729.0,0808G1-1M-AlOH3-3M-NaOH-D2O/27Al-6th-2648Hz-132C-5000ct.ft,1.0,,3.0,132,2648,,,5000,27Al
530,33279.0,1.0,0.0,518551.0,0808G1-1M-AlOH3-3M-NaOH-D2O/27Al-6th-2648Hz-132C-5000ctF.ft,1.0,,3.0,132,2648,,,5000,27Al
531,33361.0,2.0,9.391161016315266,3359571456.0,0808G1-1M-AlOH3-3M-NaOH-D2O/27Al-6th-2648Hz-132C-5000ctF.ft,1.0,,3.0,132,2648,,,5000,27Al
532,33482.0,3.0,2.0,1584970.5,0808G1-1M-AlOH3-3M-NaOH-D2O/27Al-6th-2648Hz-132C-5000ctF.ft,1.0,,3.0,132,2648,,,5000,27Al
533,33485.0,4.0,0.0,515050.0,0808G1-1M-AlOH3-3M-NaOH-D2O/27Al-6th-2648Hz-132C-5000ctF.ft,1.0,,3.0,132,2648,,,5000,27Al
534,33489.0,5.0,1.0,1037729.0,0808G1-1M-AlOH3-3M-NaOH-D2O/27Al-6th-2648Hz-132C-5000ctF.ft,1.0,,3.0,132,2648,,,5000,27Al
535,33279.0,1.0,0.0,518551.0,0808G1-1M-AlOH3-3M-NaOH-D2O/27Al-7th-2750Hz-25C-3640ct.ft,1.0,,3.0,25,2750,,,3640,27Al
536,33361.0,2.0,9.391161016315266,3359571456.0,0808G1-1M-AlOH3-3M-NaOH-D2O/27Al-7th-2750Hz-25C-3640ct.ft,1.0,,3.0,25,2750,,,3640,27Al
537,33482.0,3.0,2.0,1584970.5,0808G1-1M-AlOH3-3M-NaOH-D2O/27Al-7th-2750Hz-25C-3640ct.ft,1.0,,3.0,25,2750,,,3640,27Al
538,33485.0,4.0,0.0,515050.0,0808G1-1M-AlOH3-3M-NaOH-D2O/27Al-7th-2750Hz-25C-3640ct.ft,1.0,,3.0,25,2750,,,3640,27Al
539,33489.0,5.0,1.0,1037729.0,0808G1-1M-AlOH3-3M-NaOH-D2O/27Al-7th-2750Hz-25C-3640ct.ft,1.0,,3.0,25,2750,,,3640,27Al
540,33279.0,1.0,0.0,518551.0,0808G1-1M-AlOH3-3M-NaOH-D2O/27Al-7th-2750Hz-25C-3640ctF.ft,1.0,,3.0,25,2750,,,3640,27Al
541,33361.0,2.0,9.391161016315266,3359571456.0,0808G1-1M-AlOH3-3M-NaOH-D2O/27Al-7th-2750Hz-25C-3640ctF.ft,1.0,,3.0,25,2750,,,3640,27Al
542,33482.0,3.0,2.0,1584970.5,0808G1-1M-AlOH3-3M-NaOH-D2O/27Al-7th-2750Hz-25C-3640ctF.ft,1.0,,3.0,25,2750,,,3640,27Al
543,33485.0,4.0,0.0,515050.0,0808G1-1M-AlOH3-3M-NaOH-D2O/27Al-7th-2750Hz-25C-3640ctF.ft,1.0,,3.0,25,2750,,,3640,27Al
544,33489.0,5.0,1.0,1037729.0,0808G1-1M-AlOH3-3M-NaOH-D2O/27Al-7th-2750Hz-25C-3640ctF.ft,1.0,,3.0,25,2750,,,3640,27Al
545,33279.0,1.0,0.0,518551.0,0819G1-0p1M-AlOH3-3M-LiOH-D2O/27Al-1st-2744Hz-25C-64ct.ft,0.1,3.0,,25,2744,,,64,27Al
546,33361.0,2.0,9.391161016315266,3359571456.0,0819G1-0p1M-AlOH3-3M-LiOH-D2O/27Al-1st-2744Hz-25C-64ct.ft,0.1,3.0,,25,2744,,,64,27Al
547,33482.0,3.0,2.0,1584970.5,0819G1-0p1M-AlOH3-3M-LiOH-D2O/27Al-1st-2744Hz-25C-64ct.ft,0.1,3.0,,25,2744,,,64,27Al
548,33485.0,4.0,0.0,515050.0,0819G1-0p1M-AlOH3-3M-LiOH-D2O/27Al-1st-2744Hz-25C-64ct.ft,0.1,3.0,,25,2744,,,64,27Al
549,33489.0,5.0,1.0,1037729.0,0819G1-0p1M-AlOH3-3M-LiOH-D2O/27Al-1st-2744Hz-25C-64ct.ft,0.1,3.0,,25,2744,,,64,27Al
550,33279.0,1.0,0.0,518551.0,0819G1-0p1M-AlOH3-3M-LiOH-D2O/27Al-1st-2744Hz-25C-64ctF.ft,0.1,3.0,,25,2744,,,64,27Al
551,33361.0,2.0,9.391161016315266,3359571456.0,0819G1-0p1M-AlOH3-3M-LiOH-D2O/27Al-1st-2744Hz-25C-64ctF.ft,0.1,3.0,,25,2744,,,64,27Al
552,33482.0,3.0,2.0,1584970.5,0819G1-0p1M-AlOH3-3M-LiOH-D2O/27Al-1st-2744Hz-25C-64ctF.ft,0.1,3.0,,25,2744,,,64,27Al
553,33485.0,4.0,0.0,515050.0,0819G1-0p1M-AlOH3-3M-LiOH-D2O/27Al-1st-2744Hz-25C-64ctF.ft,0.1,3.0,,25,2744,,,64,27Al
554,33489.0,5.0,1.0,1037729.0,0819G1-0p1M-AlOH3-3M-LiOH-D2O/27Al-1st-2744Hz-25C-64ctF.ft,0.1,3.0,,25,2744,,,64,27Al
555,33279.0,1.0,0.0,518551.0,0819G1-0p5M-AlOH3-3M-LiOH-D2O/27Al-1st-2730Hz-25C-128ct.ft,0.5,3.0,,25,2730,,,128,27Al
556,33361.0,2.0,9.391161016315266,3359571456.0,0819G1-0p5M-AlOH3-3M-LiOH-D2O/27Al-1st-2730Hz-25C-128ct.ft,0.5,3.0,,25,2730,,,128,27Al
557,33482.0,3.0,2.0,1584970.5,0819G1-0p5M-AlOH3-3M-LiOH-D2O/27Al-1st-2730Hz-25C-128ct.ft,0.5,3.0,,25,2730,,,128,27Al
558,33485.0,4.0,0.0,515050.0,0819G1-0p5M-AlOH3-3M-LiOH-D2O/27Al-1st-2730Hz-25C-128ct.ft,0.5,3.0,,25,2730,,,128,27Al
559,33489.0,5.0,1.0,1037729.0,0819G1-0p5M-AlOH3-3M-LiOH-D2O/27Al-1st-2730Hz-25C-128ct.ft,0.5,3.0,,25,2730,,,128,27Al
560,33279.0,1.0,0.0,518551.0,0819G1-0p5M-AlOH3-3M-LiOH-D2O/27Al-1st-2730Hz-25C-128ctF.ft,0.5,3.0,,25,2730,,,128,27Al
561,33361.0,2.0,9.391161016315266,3359571456.0,0819G1-0p5M-AlOH3-3M-LiOH-D2O/27Al-1st-2730Hz-25C-128ctF.ft,0.5,3.0,,25,2730,,,128,27Al
562,33482.0,3.0,2.0,1584970.5,0819G1-0p5M-AlOH3-3M-LiOH-D2O/27Al-1st-2730Hz-25C-128ctF.ft,0.5,3.0,,25,2730,,,128,27Al
563,33485.0,4.0,0.0,515050.0,0819G1-0p5M-AlOH3-3M-LiOH-D2O/27Al-1st-2730Hz-25C-128ctF.ft,0.5,3.0,,25,2730,,,128,27Al
564,33489.0,5.0,1.0,1037729.0,0819G1-0p5M-AlOH3-3M-LiOH-D2O/27Al-1st-2730Hz-25C-128ctF.ft,0.5,3.0,,25,2730,,,128,27Al
565,33279.0,1.0,0.0,518551.0,0819G1-1M-AlOH3-3M-NaOH-D2O/23Na-1st-2735Hz-25C-32ct.ft,1.0,,3.0,25,2735,,,32,23Na
566,33361.0,2.0,9.391161016315266,3359571456.0,0819G1-1M-AlOH3-3M-NaOH-D2O/23Na-1st-2735Hz-25C-32ct.ft,1.0,,3.0,25,2735,,,32,23Na
567,33482.0,3.0,2.0,1584970.5,0819G1-1M-AlOH3-3M-NaOH-D2O/23Na-1st-2735Hz-25C-32ct.ft,1.0,,3.0,25,2735,,,32,23Na
568,33485.0,4.0,0.0,515050.0,0819G1-1M-AlOH3-3M-NaOH-D2O/23Na-1st-2735Hz-25C-32ct.ft,1.0,,3.0,25,2735,,,32,23Na
569,33489.0,5.0,1.0,1037729.0,0819G1-1M-AlOH3-3M-NaOH-D2O/23Na-1st-2735Hz-25C-32ct.ft,1.0,,3.0,25,2735,,,32,23Na
570,33279.0,1.0,0.0,518551.0,0819G1-1M-AlOH3-3M-NaOH-D2O/23Na-1st-2735Hz-25C-32ctF.ft,1.0,,3.0,25,2735,,,32,23Na
571,33361.0,2.0,9.391161016315266,3359571456.0,0819G1-1M-AlOH3-3M-NaOH-D2O/23Na-1st-2735Hz-25C-32ctF.ft,1.0,,3.0,25,2735,,,32,23Na
572,33482.0,3.0,2.0,1584970.5,0819G1-1M-AlOH3-3M-NaOH-D2O/23Na-1st-2735Hz-25C-32ctF.ft,1.0,,3.0,25,2735,,,32,23Na
573,33485.0,4.0,0.0,515050.0,0819G1-1M-AlOH3-3M-NaOH-D2O/23Na-1st-2735Hz-25C-32ctF.ft,1.0,,3.0,25,2735,,,32,23Na
574,33489.0,5.0,1.0,1037729.0,0819G1-1M-AlOH3-3M-NaOH-D2O/23Na-1st-2735Hz-25C-32ctF.ft,1.0,,3.0,25,2735,,,32,23Na
575,33279.0,1.0,0.0,518551.0,0819G1-1M-AlOH3-3M-NaOH-D2O/23Na-6th-2680Hz-132C-32ct.ft,1.0,,3.0,132,2680,,,32,23Na
576,33361.0,2.0,9.391161016315266,3359571456.0,0819G1-1M-AlOH3-3M-NaOH-D2O/23Na-6th-2680Hz-132C-32ct.ft,1.0,,3.0,132,2680,,,32,23Na
577,33482.0,3.0,2.0,1584970.5,0819G1-1M-AlOH3-3M-NaOH-D2O/23Na-6th-2680Hz-132C-32ct.ft,1.0,,3.0,132,2680,,,32,23Na
578,33485.0,4.0,0.0,515050.0,0819G1-1M-AlOH3-3M-NaOH-D2O/23Na-6th-2680Hz-132C-32ct.ft,1.0,,3.0,132,2680,,,32,23Na
579,33489.0,5.0,1.0,1037729.0,0819G1-1M-AlOH3-3M-NaOH-D2O/23Na-6th-2680Hz-132C-32ct.ft,1.0,,3.0,132,2680,,,32,23Na
580,33279.0,1.0,0.0,518551.0,0819G1-1M-AlOH3-3M-NaOH-D2O/23Na-6th-2680Hz-132C-32ctF.ft,1.0,,3.0,132,2680,,,32,23Na
581,33361.0,2.0,9.391161016315266,3359571456.0,0819G1-1M-AlOH3-3M-NaOH-D2O/23Na-6th-2680Hz-132C-32ctF.ft,1.0,,3.0,132,2680,,,32,23Na
582,33482.0,3.0,2.0,1584970.5,0819G1-1M-AlOH3-3M-NaOH-D2O/23Na-6th-2680Hz-132C-32ctF.ft,1.0,,3.0,132,2680,,,32,23Na
583,33485.0,4.0,0.0,515050.0,0819G1-1M-AlOH3-3M-NaOH-D2O/23Na-6th-2680Hz-132C-32ctF.ft,1.0,,3.0,132,2680,,,32,23Na
584,33489.0,5.0,1.0,1037729.0,0819G1-1M-AlOH3-3M-NaOH-D2O/23Na-6th-2680Hz-132C-32ctF.ft,1.0,,3.0,132,2680,,,32,23Na
585,33279.0,1.0,0.0,518551.0,0819G1-1M-AlOH3-3M-NaOH-D2O/23Na-9th-4005Hz-25C-32ct.ft,1.0,,3.0,25,4005,,,32,23Na
586,33361.0,2.0,9.391161016315266,3359571456.0,0819G1-1M-AlOH3-3M-NaOH-D2O/23Na-9th-4005Hz-25C-32ct.ft,1.0,,3.0,25,4005,,,32,23Na
587,33482.0,3.0,2.0,1584970.5,0819G1-1M-AlOH3-3M-NaOH-D2O/23Na-9th-4005Hz-25C-32ct.ft,1.0,,3.0,25,4005,,,32,23Na
588,33485.0,4.0,0.0,515050.0,0819G1-1M-AlOH3-3M-NaOH-D2O/23Na-9th-4005Hz-25C-32ct.ft,1.0,,3.0,25,4005,,,32,23Na
589,33489.0,5.0,1.0,1037729.0,0819G1-1M-AlOH3-3M-NaOH-D2O/23Na-9th-4005Hz-25C-32ct.ft,1.0,,3.0,25,4005,,,32,23Na
590,33279.0,1.0,0.0,518551.0,0819G1-1M-AlOH3-3M-NaOH-D2O/23Na-9th-4005Hz-25C-32ctF.ft,1.0,,3.0,25,4005,,,32,23Na
591,33361.0,2.0,9.391161016315266,3359571456.0,0819G1-1M-AlOH3-3M-NaOH-D2O/23Na-9th-4005Hz-25C-32ctF.ft,1.0,,3.0,25,4005,,,32,23Na
592,33482.0,3.0,2.0,1584970.5,0819G1-1M-AlOH3-3M-NaOH-D2O/23Na-9th-4005Hz-25C-32ctF.ft,1.0,,3.0,25,4005,,,32,23Na
593,33485.0,4.0,0.0,515050.0,0819G1-1M-AlOH3-3M-NaOH-D2O/23Na-9th-4005Hz-25C-32ctF.ft,1.0,,3.0,25,4005,,,32,23Na
594,33489.0,5.0,1.0,1037729.0,0819G1-1M-AlOH3-3M-NaOH-D2O/23Na-9th-4005Hz-25C-32ctF.ft,1.0,,3.0,25,4005,,,32,23Na
595,33279.0,1.0,0.0,518551.0,0819G1-1M-AlOH3-3M-NaOH-D2O/27Al-2nd-2735Hz-25C-128ct.ft,1.0,,3.0,25,2735,,,128,27Al
596,33361.0,2.0,9.391161016315266,3359571456.0,0819G1-1M-AlOH3-3M-NaOH-D2O/27Al-2nd-2735Hz-25C-128ct.ft,1.0,,3.0,25,2735,,,128,27Al
597,33482.0,3.0,2.0,1584970.5,0819G1-1M-AlOH3-3M-NaOH-D2O/27Al-2nd-2735Hz-25C-128ct.ft,1.0,,3.0,25,2735,,,128,27Al
598,33485.0,4.0,0.0,515050.0,0819G1-1M-AlOH3-3M-NaOH-D2O/27Al-2nd-2735Hz-25C-128ct.ft,1.0,,3.0,25,2735,,,128,27Al
599,33489.0,5.0,1.0,1037729.0,0819G1-1M-AlOH3-3M-NaOH-D2O/27Al-2nd-2735Hz-25C-128ct.ft,1.0,,3.0,25,2735,,,128,27Al
600,33279.0,1.0,0.0,518551.0,0819G1-1M-AlOH3-3M-NaOH-D2O/27Al-2nd-2735Hz-25C-128ctF.ft,1.0,,3.0,25,2735,,,128,27Al
601,33361.0,2.0,9.391161016315266,3359571456.0,0819G1-1M-AlOH3-3M-NaOH-D2O/27Al-2nd-2735Hz-25C-128ctF.ft,1.0,,3.0,25,2735,,,128,27Al
602,33482.0,3.0,2.0,1584970.5,0819G1-1M-AlOH3-3M-NaOH-D2O/27Al-2nd-2735Hz-25C-128ctF.ft,1.0,,3.0,25,2735,,,128,27Al
603,33485.0,4.0,0.0,515050.0,0819G1-1M-AlOH3-3M-NaOH-D2O/27Al-2nd-2735Hz-25C-128ctF.ft,1.0,,3.0,25,2735,,,128,27Al
604,33489.0,5.0,1.0,1037729.0,0819G1-1M-AlOH3-3M-NaOH-D2O/27Al-2nd-2735Hz-25C-128ctF.ft,1.0,,3.0,25,2735,,,128,27Al
605,33279.0,1.0,0.0,518551.0,background/23Na-empty-rotor-2845Hz-512ct.ft,,,,,2845,,,512,23Na
606,33361.0,2.0,9.391161016315266,3359571456.0,background/23Na-empty-rotor-2845Hz-512ct.ft,,,,,2845,,,512,23Na
607,33482.0,3.0,2.0,1584970.5,background/23Na-empty-rotor-2845Hz-512ct.ft,,,,,2845,,,512,23Na
608,33485.0,4.0,0.0,515050.0,background/23Na-empty-rotor-2845Hz-512ct.ft,,,,,2845,,,512,23Na
609,33489.0,5.0,1.0,1037729.0,background/23Na-empty-rotor-2845Hz-512ct.ft,,,,,2845,,,512,23Na
610,33279.0,1.0,0.0,518551.0,background/23Na-empty-rotor-2845Hz-512ctF.ft,,,,,2845,,,512,23Na
611,33361.0,2.0,9.391161016315266,3359571456.0,background/23Na-empty-rotor-2845Hz-512ctF.ft,,,,,2845,,,512,23Na
612,33482.0,3.0,2.0,1584970.5,background/23Na-empty-rotor-2845Hz-512ctF.ft,,,,,2845,,,512,23Na
613,33485.0,4.0,0.0,515050.0,background/23Na-empty-rotor-2845Hz-512ctF.ft,,,,,2845,,,512,23Na
614,33489.0,5.0,1.0,1037729.0,background/23Na-empty-rotor-2845Hz-512ctF.ft,,,,,2845,,,512,23Na
615,33279.0,1.0,0.0,518551.0,background/27Al-empty-rotor-2845Hz-512ct.ft,,,,,2845,,,512,27Al
616,33361.0,2.0,9.391161016315266,3359571456.0,background/27Al-empty-rotor-2845Hz-512ct.ft,,,,,2845,,,512,27Al
617,33482.0,3.0,2.0,1584970.5,background/27Al-empty-rotor-2845Hz-512ct.ft,,,,,2845,,,512,27Al
618,33485.0,4.0,0.0,515050.0,background/27Al-empty-rotor-2845Hz-512ct.ft,,,,,2845,,,512,27Al
619,33489.0,5.0,1.0,1037729.0,background/27Al-empty-rotor-2845Hz-512ct.ft,,,,,2845,,,512,27Al
620,33279.0,1.0,0.0,518551.0,background/27Al-empty-rotor-2845Hz-512ctF.ft,,,,,2845,,,512,27Al
621,33361.0,2.0,9.391161016315266,3359571456.0,background/27Al-empty-rotor-2845Hz-512ctF.ft,,,,,2845,,,512,27Al
622,33482.0,3.0,2.0,1584970.5,background/27Al-empty-rotor-2845Hz-512ctF.ft,,,,,2845,,,512,27Al
623,33485.0,4.0,0.0,515050.0,background/27Al-empty-rotor-2845Hz-512ctF.ft,,,,,2845,,,512,27Al
624,33489.0,5.0,1.0,1037729.0,background/27Al-empty-rotor-2845Hz-512ctF.ft,,,,,2845,,,512,27Al
625,33279.0,1.0,0.0,518551.0,standard/23Na-0808G1-gibbsite-23p9mg-4012Hz-25C-268ct.ft,,,,25,4012,0808G1-gibbsite,23.9,268,23Na
626,33361.0,2.0,9.391161016315266,3359571456.0,standard/23Na-0808G1-gibbsite-23p9mg-4012Hz-25C-268ct.ft,,,,25,4012,0808G1-gibbsite,23.9,268,23Na
627,33482.0,3.0,2.0,1584970.5,standard/23Na-0808G1-gibbsite-23p9mg-4012Hz-25C-268ct.ft,,,,25,4012,0808G1-gibbsite,23.9,268,23Na
628,33485.0,4.0,0.0,515050.0,standard/23Na-0808G1-gibbsite-23p9mg-4012Hz-25C-268ct.ft,,,,25,4012,0808G1-gibbsite,23.9,268,23Na
629,33489.0,5.0,1.0,1037729.0,standard/23Na-0808G1-gibbsite-23p9mg-4012Hz-25C-268ct.ft,,,,25,4012,0808G1-gibbsite,23.9,268,23Na
630,33279.0,1.0,0.0,518551.0,standard/23Na-0808G1-gibbsite-23p9mg-4012Hz-25C-268ctF.ft,,,,25,4012,0808G1-gibbsite,23.9,268,23Na
631,33361.0,2.0,9.391161016315266,3359571456.0,standard/23Na-0808G1-gibbsite-23p9mg-4012Hz-25C-268ctF.ft,,,,25,4012,0808G1-gibbsite,23.9,268,23Na
632,33482.0,3.0,2.0,1584970.5,standard/23Na-0808G1-gibbsite-23p9mg-4012Hz-25C-268ctF.ft,,,,25,4012,0808G1-gibbsite,23.9,268,23Na
633,33485.0,4.0,0.0,515050.0,standard/23Na-0808G1-gibbsite-23p9mg-4012Hz-25C-268ctF.ft,,,,25,4012,0808G1-gibbsite,23.9,268,23Na
634,33489.0,5.0,1.0,1037729.0,standard/23Na-0808G1-gibbsite-23p9mg-4012Hz-25C-268ctF.ft,,,,25,4012,0808G1-gibbsite,23.9,268,23Na
635,33279.0,1.0,0.0,518551.0,standard/23Na-0819G1-gibbsite-18p7mg-4012Hz-25C-512ct.ft,,,,25,4012,0819G1-gibbsite,18.7,512,23Na
636,33361.0,2.0,9.391161016315266,3359571456.0,standard/23Na-0819G1-gibbsite-18p7mg-4012Hz-25C-512ct.ft,,,,25,4012,0819G1-gibbsite,18.7,512,23Na
637,33482.0,3.0,2.0,1584970.5,standard/23Na-0819G1-gibbsite-18p7mg-4012Hz-25C-512ct.ft,,,,25,4012,0819G1-gibbsite,18.7,512,23Na
638,33485.0,4.0,0.0,515050.0,standard/23Na-0819G1-gibbsite-18p7mg-4012Hz-25C-512ct.ft,,,,25,4012,0819G1-gibbsite,18.7,512,23Na
639,33489.0,5.0,1.0,1037729.0,standard/23Na-0819G1-gibbsite-18p7mg-4012Hz-25C-512ct.ft,,,,25,4012,0819G1-gibbsite,18.7,512,23Na
640,33279.0,1.0,0.0,518551.0,standard/23Na-0819G1-gibbsite-18p7mg-4012Hz-25C-512ctF.ft,,,,25,4012,0819G1-gibbsite,18.7,512,23Na
641,33361.0,2.0,9.391161016315266,3359571456.0,standard/23Na-0819G1-gibbsite-18p7mg-4012Hz-25C-512ctF.ft,,,,25,4012,0819G1-gibbsite,18.7,512,23Na
642,33482.0,3.0,2.0,1584970.5,standard/23Na-0819G1-gibbsite-18p7mg-4012Hz-25C-512ctF.ft,,,,25,4012,0819G1-gibbsite,18.7,512,23Na
643,33485.0,4.0,0.0,515050.0,standard/23Na-0819G1-gibbsite-18p7mg-4012Hz-25C-512ctF.ft,,,,25,4012,0819G1-gibbsite,18.7,512,23Na
644,33489.0,5.0,1.0,1037729.0,standard/23Na-0819G1-gibbsite-18p7mg-4012Hz-25C-512ctF.ft,,,,25,4012,0819G1-gibbsite,18.7,512,23Na
645,33279.0,1.0,0.0,518551.0,standard/23Na-5-10nm-boehmite-54p8mg-4045Hz-25C-524ct.ft,,,,25,4045,boehmite,54.8,524,23Na
646,33361.0,2.0,9.391161016315266,3359571456.0,standard/23Na-5-10nm-boehmite-54p8mg-4045Hz-25C-524ct.ft,,,,25,4045,boehmite,54.8,524,23Na
647,33482.0,3.0,2.0,1584970.5,standard/23Na-5-10nm-boehmite-54p8mg-4045Hz-25C-524ct.ft,,,,25,4045,boehmite,54.8,524,23Na
648,33485.0,4.0,0.0,515050.0,standard/23Na-5-10nm-boehmite-54p8mg-4045Hz-25C-524ct.ft,,,,25,4045,boehmite,54.8,524,23Na
649,33489.0,5.0,1.0,1037729.0,standard/23Na-5-10nm-boehmite-54p8mg-4045Hz-25C-524ct.ft,,,,25,4045,boehmite,54.8,524,23Na
650,33279.0,1.0,0.0,518551.0,standard/23Na-5-10nm-boehmite-54p8mg-4045Hz-25C-524ctF.ft,,,,25,4045,boehmite,54.8,524,23Na
651,33361.0,2.0,9.391161016315266,3359571456.0,standard/23Na-5-10nm-boehmite-54p8mg-4045Hz-25C-524ctF.ft,,,,25,4045,boehmite,54.8,524,23Na
652,33482.0,3.0,2.0,1584970.5,standard/23Na-5-10nm-boehmite-54p8mg-4045Hz-25C-524ctF.ft,,,,25,4045,boehmite,54.8,524,23Na
653,33485.0,4.0,0.0,515050.0,standard/23Na-5-10nm-boehmite-54p8mg-4045Hz-25C-524ctF.ft,,,,25,4045,boehmite,54.8,524,23Na
654,33489.0,5.0,1.0,1037729.0,standard/23Na-5-10nm-boehmite-54p8mg-4045Hz-25C-524ctF.ft,,,,25,4045,boehmite,54.8,524,23Na
655,33279.0,1.0,0.0,518551.0,standard/27Al-0808G1-gibbsite-23p9mg-2737Hz-25C-248ct.ft,,,,25,2737,0808G1-gibbsite,23.9,248,27Al
656,33361.0,2.0,9.391161016315266,3359571456.0,standard/27Al-0808G1-gibbsite-23p9mg-2737Hz-25C-248ct.ft,,,,25,2737,0808G1-gibbsite,23.9,248,27Al
657,33482.0,3.0,2.0,1584970.5,standard/27Al-0808G1-gibbsite-23p9mg-2737Hz-25C-248ct.ft,,,,25,2737,0808G1-gibbsite,23.9,248,27Al
658,33485.0,4.0,0.0,515050.0,standard/27Al-0808G1-gibbsite-23p9mg-2737Hz-25C-248ct.ft,,,,25,2737,0808G1-gibbsite,23.9,248,27Al
659,33489.0,5.0,1.0,1037729.0,standard/27Al-0808G1-gibbsite-23p9mg-2737Hz-25C-248ct.ft,,,,25,2737,0808G1-gibbsite,23.9,248,27Al
660,33279.0,1.0,0.0,518551.0,standard/27Al-0808G1-gibbsite-23p9mg-2737Hz-25C-248ctF.ft,,,,25,2737,0808G1-gibbsite,23.9,248,27Al
661,33361.0,2.0,9.391161016315266,3359571456.0,standard/27Al-0808G1-gibbsite-23p9mg-2737Hz-25C-248ctF.ft,,,,25,2737,0808G1-gibbsite,23.9,248,27Al
662,33482.0,3.0,2.0,1584970.5,standard/27Al-0808G1-gibbsite-23p9mg-2737Hz-25C-248ctF.ft,,,,25,2737,0808G1-gibbsite,23.9,248,27Al
663,33485.0,4.0,0.0,515050.0,standard/27Al-0808G1-gibbsite-23p9mg-2737Hz-25C-248ctF.ft,,,,25,2737,0808G1-gibbsite,23.9,248,27Al
664,33489.0,5.0,1.0,1037729.0,standard/27Al-0808G1-gibbsite-23p9mg-2737Hz-25C-248ctF.ft,,,,25,2737,0808G1-gibbsite,23.9,248,27Al
665,33279.0,1.0,0.0,518551.0,standard/27Al-0819G1-gibbsite-18p7mg-4012Hz-25C-512ct.ft,,,,25,4012,0819G1-gibbsite,18.7,512,27Al
666,33361.0,2.0,9.391161016315266,3359571456.0,standard/27Al-0819G1-gibbsite-18p7mg-4012Hz-25C-512ct.ft,,,,25,4012,0819G1-gibbsite,18.7,512,27Al
667,33482.0,3.0,2.0,1584970.5,standard/27Al-0819G1-gibbsite-18p7mg-4012Hz-25C-512ct.ft,,,,25,4012,0819G1-gibbsite,18.7,512,27Al
668,33485.0,4.0,0.0,515050.0,standard/27Al-0819G1-gibbsite-18p7mg-4012Hz-25C-512ct.ft,,,,25,4012,0819G1-gibbsite,18.7,512,27Al
669,33489.0,5.0,1.0,1037729.0,standard/27Al-0819G1-gibbsite-18p7mg-4012Hz-25C-512ct.ft,,,,25,4012,0819G1-gibbsite,18.7,512,27Al
670,33279.0,1.0,0.0,518551.0,standard/27Al-0819G1-gibbsite-18p7mg-4012Hz-25C-512ctF.ft,,,,25,4012,0819G1-gibbsite,18.7,512,27Al
671,33361.0,2.0,9.391161016315266,3359571456.0,standard/27Al-0819G1-gibbsite-18p7mg-4012Hz-25C-512ctF.ft,,,,25,4012,0819G1-gibbsite,18.7,512,27Al
672,33482.0,3.0,2.0,1584970.5,standard/27Al-0819G1-gibbsite-18p7mg-4012Hz-25C-512ctF.ft,,,,25,4012,0819G1-gibbsite,18.7,512,27Al
673,33485.0,4.0,0.0,515050.0,standard/27Al-0819G1-gibbsite-18p7mg-4012Hz-25C-512ctF.ft,,,,25,4012,0819G1-gibbsite,18.7,512,27Al
674,33489.0,5.0,1.0,1037729.0,standard/27Al-0819G1-gibbsite-18p7mg-4012Hz-25C-512ctF.ft,,,,25,4012,0819G1-gibbsite,18.7,512,27Al
675,33279.0,1.0,0.0,518551.0,standard/27Al-5-10nm-boehmite-54p8mg-4045Hz-25C-280ct.ft,,,,25,4045,boehmite,54.8,280,27Al
676,33361.0,2.0,9.391161016315266,3359571456.0,standard/27Al-5-10nm-boehmite-54p8mg-4045Hz-25C-280ct.ft,,,,25,4045,boehmite,54.8,280,27Al
677,33482.0,3.0,2.0,1584970.5,standard/27Al-5-10nm-boehmite-54p8mg-4045Hz-25C-280ct.ft,,,,25,4045,boehmite,54.8,280,27Al
678,33485.0,4.0,0.0,515050.0,standard/27Al-5-10nm-boehmite-54p8mg-4045Hz-25C-280ct.ft,,,,25,4045,boehmite,54.8,280,27Al
679,33489.0,5.0,1.0,1037729.0,standard/27Al-5-10nm-boehmite-54p8mg-4045Hz-25C-280ct.ft,,,,25,4045,boehmite,54.8,280,27Al
680,33279.0,1.0,0.0,518551.0,standard/27Al-5-10nm-boehmite-54p8mg-4045Hz-25C-280ctF.ft,,,,25,4045,boehmite,54.8,280,27Al
681,33361.0,2.0,9.391161016315266,3359571456.0,standard/27Al-5-10nm-boehmite-54p8mg-4045Hz-25C-280ctF.ft,,,,25,4045,boehmite,54.8,280,27Al
682,33482.0,3.0,2.0,1584970.5,standard/27Al-5-10nm-boehmite-54p8mg-4045Hz-25C-280ctF.ft,,,,25,4045,boehmite,54.8,280,27Al
683,33485.0,4.0,0.0,515050.0,standard/27Al-5-10nm-boehmite-54p8mg-4045Hz-25C-280ctF.ft,,,,25,4045,boehmite,54.8,280,27Al
684,33489.0,5.0,1.0,1037729.0,standard/27Al-5-10nm-boehmite-54p8mg-4045Hz-25C-280ctF.ft,,,,25,4045,boehmite,54.8,280,27Al
685,33279.0,1.0,0.0,518551.0,standard/27Al-gibbsite-23p9mg-4012Hz-25C-512ct.ft,,,,25,4012,27Al-gibbsite,23.9,512,27Al
686,33361.0,2.0,9.391161016315266,3359571456.0,standard/27Al-gibbsite-23p9mg-4012Hz-25C-512ct.ft,,,,25,4012,27Al-gibbsite,23.9,512,27Al
687,33482.0,3.0,2.0,1584970.5,standard/27Al-gibbsite-23p9mg-4012Hz-25C-512ct.ft,,,,25,4012,27Al-gibbsite,23.9,512,27Al
688,33485.0,4.0,0.0,515050.0,standard/27Al-gibbsite-23p9mg-4012Hz-25C-512ct.ft,,,,25,4012,27Al-gibbsite,23.9,512,27Al
689,33489.0,5.0,1.0,1037729.0,standard/27Al-gibbsite-23p9mg-4012Hz-25C-512ct.ft,,,,25,4012,27Al-gibbsite,23.9,512,27Al
690,33279.0,1.0,0.0,518551.0,standard/27Al-gibbsite-23p9mg-4012Hz-25C-512ctF.ft,,,,25,4012,27Al-gibbsite,23.9,512,27Al
691,33361.0,2.0,9.391161016315266,3359571456.0,standard/27Al-gibbsite-23p9mg-4012Hz-25C-512ctF.ft,,,,25,4012,27Al-gibbsite,23.9,512,27Al
692,33482.0,3.0,2.0,1584970.5,standard/27Al-gibbsite-23p9mg-4012Hz-25C-512ctF.ft,,,,25,4012,27Al-gibbsite,23.9,512,27Al
693,33485.0,4.0,0.0,515050.0,standard/27Al-gibbsite-23p9mg-4012Hz-25C-512ctF.ft,,,,25,4012,27Al-gibbsite,23.9,512,27Al
694,33489.0,5.0,1.0,1037729.0,standard/27Al-gibbsite-23p9mg-4012Hz-25C-512ctF.ft,,,,25,4012,27Al-gibbsite,23.9,512,27Al
